time,1000,1001,1002,1003,1004,1005,1006,1007,1008,1009,1010,1011,1012,1013,1014,1015,1016,1017,1018,1019,1020,1021,1022,1023,1024,1025,1026,1027,1028,1029,1030,1031,1032,1033,1034,1035,1036,1037,1038,1039,1040,1041,1042,1043,1044,1045,1046,1047,1048,1049,1050,1051,1052,1053,1054,1055,1056,1057,1058,1059,1060,1061,1062,1063,1064,1065,1066,1067,1068,1069,1070,1071,1072,1073,1074,
3600,0,0,0,0,0,0,0,0,0,0,0,0,0,0,0,0,0,0,0,0,0,0,0,0,0,0,0,0,0,0,0,0,0,0,0,0,0,0,0,0,0,0,0,0,0,0,0,0,0,0,0,0,0,0,0,0,0,0,0,0,0,0,0,0,0,0,0,0,0,0,0,0,0,0,
3620,0,0,0,0,0,0,0,0,0,0,0,0,0,0,0,0,0,0,0,0,0,0,0,0,0,0,0,0,0,0,0,0,0,0,0,0,0,0,0,0,0,0,0,0,0,0,0,0,0,0,0,0,0,0,0,0,0,0,0,0,0,0,0,0,0,0,0,0,0,0,0,0,0,0,
3640,0,0,0,0,0,0,0,0,0,0,0,0,0,0,0,0,0,0,0,0,0,0,0,0,0,0,0,0,0,0,0,0,0,0,0,0,0,0,0,0,0,0,0,0,0,0,0,0,0,0,0,0,0,0,0,0,0,0,0,0,0,0,0,0,0,0,0,0,0,0,0,0,0,0,
3660,0,0,0,0,0,0,0,0,0,0,0,0,0,0,0,0,0,0,0,0,0,0,0,0,0,0,0,0,0,0,0,0,0,0,0,0,0,0,0,0,0,0,0,0,0,0,0,0,0,0,0,0,0,0,0,0,0,0,0,0,0,0,0,0,0,0,0,0,0,0,0,0,0,0,
3680,0,0,0,0,0,0,0,0,0,0,0,0,0,0,0,0,0,0,0,0,0,0,0,0,0,0,0,0,0,0,0,0,0,0,0,0,0,0,0,0,0,0,0,0,0,0,0,0,0,0,0,0,0,0,0,0,0,0,0,0,0,0,0,0,0,0,0,0,0,0,0,0,0,0,
3700,0,0,0,0,0,0,0,0,0,0,0,0,0,0,0,0,0,0,0,0,0,0,0,0,0,0,0,0,0,0,0,0,0,0,0,0,0,0,0,0,0,0,0,0,0,0,0,0,0,0,0,0,0,0,0,0,0,0,0,0,0,0,0,0,0,0,0,0,0,0,0,0,0,0,
3720,0,0,0,0,0,0,0,0,0,0,0,0,0,0,0,0,0,0,0,0,0,0,0,0,0,0,0,0,0,0,0,0,0,0,0,0,0,0,0,0,0,0,0,0,0,0,0,0,0,0,0,0,0,0,0,0,0,0,0,0,0,0,0,0,0,0,0,0,0,0,0,0,0,0,
3740,0,0,0,0,0,0,0,0,0,0,0,0,0,0,0,0,0,0,0,0,0,0,0,0,0,0,0,0,0,0,0,0,0,0,0,0,0,0,0,0,0,0,0,0,0,0,0,0,0,0,0,0,0,0,0,0,0,0,0,0,0,0,0,0,0,0,0,0,0,0,0,0,0,0,
3760,0,0,0,0,0,0,0,0,0,0,0,0,0,0,0,0,0,0,0,0,0,0,0,0,0,0,0,0,0,0,0,0,0,0,0,0,0,0,0,0,0,0,0,0,0,0,0,0,0,0,0,0,0,0,0,0,0,0,0,0,0,0,0,0,0,0,0,0,0,0,0,0,0,0,
3780,0,0,0,0,0,0,0,0,0,0,0,0,0,0,0,0,0,0,0,0,0,0,0,0,0,0,0,0,0,0,0,0,0,0,0,0,0,0,0,0,0,0,0,0,0,0,0,0,0,0,0,0,0,0,0,0,0,0,0,0,0,0,0,0,0,0,0,0,0,0,0,0,0,0,
3800,0,0,0,0,0,0,0,0,0,0,0,0,0,0,0,0,0,0,0,0,0,0,0,0,0,0,0,0,0,0,0,0,0,0,0,0,0,0,0,0,0,0,0,0,0,0,0,0,0,0,0,0,0,0,0,0,0,0,0,0,0,0,0,0,0,0,0,0,0,0,0,0,0,0,
3820,0,0,0,0,0,0,0,0,0,0,0,0,0,0,0,0,0,0,0,0,0,0,0,0,0,0,0,0,0,0,0,0,0,0,0,0,0,0,0,0,0,0,0,0,0,0,0,0,0,0,0,0,0,0,0,0,0,0,0,0,0,0,0,0,0,0,0,0,0,0,0,0,0,0,
3840,0,0,0,0,0,0,0,0,0,0,0,0,0,0,0,0,0,0,0,0,0,0,0,0,0,0,0,0,0,0,0,0,0,0,0,0,0,0,0,0,0,0,0,0,0,0,0,0,0,0,0,0,0,0,0,0,0,0,0,0,0,0,0,0,0,0,0,0,0,0,0,0,0,0,
3860,0,0,0,0,0,0,0,0,0,0,0,0,0,0,0,0,0,0,0,0,0,0,0,0,0,0,0,0,0,0,0,0,0,0,0,0,0,0,0,0,0,0,0,0,0,0,0,0,0,0,0,0,0,0,0,0,0,0,0,0,0,0,0,0,0,0,0,0,0,0,0,0,0,0,
3880,0,0,0,0,0,0,0,0,0,0,0,0,0,0,0,0,0,0,0,0,0,0,0,0,0,0,0,0,0,0,0,0,0,0,0,0,0,0,0,0,0,0,0,0,0,0,0,0,0,0,0,0,0,0,0,0,0,0,0,0,0,0,0,0,0,0,0,0,0,0,0,0,0,0,
3900,0,0,0,0,0,0,0,0,0,0,0,0,0,0,0,0,0,0,0,0,0,0,0,0,0,0,0,0,0,0,0,0,0,0,0,0,0,0,0,0,0,0,0,0,0,0,0,0,0,0,0,0,0,0,0,0,0,0,0,0,0,0,0,0,0,0,0,0,0,0,0,0,0,0,
3920,0,0,0,0,0,0,0,0,0,0,0,0,0,0,0,0,0,0,0,0,0,0,0,0,0,0,0,0,0,0,0,0,0,0,0,0,0,0,0,0,0,0,0,0,0,0,0,0,0,0,0,0,0,0,0,0,0,0,0,0,0,0,0,0,0,0,0,0,0,0,0,0,0,0,
3940,0,0,0,0,0,0,0,0,0,0,0,0,0,0,0,0,0,0,0,0,0,0,0,0,0,0,0,0,0,0,0,0,0,0,0,0,0,0,0,0,0,0,0,0,0,0,0,0,0,0,0,0,0,0,0,0,0,0,0,0,0,0,0,0,0,0,0,0,0,0,0,0,0,0,
3960,0,0,0,0,0,0,0,0,0,0,0,0,0,0,0,0,0,0,0,0,0,0,0,0,0,0,0,0,0,0,0,0,0,0,0,0,0,0,0,0,0,0,0,0,0,0,0,0,0,0,0,0,0,0,0,0,0,0,0,0,0,0,0,0,0,0,0,0,0,0,0,0,0,0,
3980,0,0,0,0,0,0,0,0,0,0,0,0,0,0,0,0,0,0,0,0,0,0,0,0,0,0,0,0,0,0,0,0,0,0,0,0,0,0,0,0,0,0,0,0,0,0,0,0,0,0,0,0,0,0,0,0,0,0,0,0,0,0,0,0,0,0,0,0,0,0,0,0,0,0,
4000,0,0,0,0,0,0,0,0,0,0,0,0,0,0,0,0,0,0,0,0,0,0,0,0,0,0,0,0,0,0,0,0,0,0,0,0,0,0,0,0,0,0,0,0,0,0,0,0,0,0,0,0,0,0,0,0,0,0,0,0,0,0,0,0,0,0,0,0,0,0,0,0,0,0,
4020,0,0,0,0,0,0,0,0,0,0,0,0,0,0,0,0,0,0,0,0,0,0,0,0,0,0,0,0,0,0,0,0,0,0,0,0,0,0,0,0,0,0,0,0,0,0,0,0,0,0,0,0,0,0,0,0,0,0,0,0,0,0,0,0,0,0,0,0,0,0,0,0,0,0,
4040,0,0,0,0,0,0,0,0,0,0,0,0,0,0,0,0,0,0,0,0,0,0,0,0,0,0,0,0,0,0,0,0,0,0,0,0,0,0,0,0,0,0,0,0,0,0,0,0,0,0,0,0,0,0,0,0,0,0,0,0,0,0,0,0,0,0,0,0,0,0,0,0,0,0,
4060,0,0,0,0,0,0,0,0,0,0,0,0,0,0,0,0,0,0,0,0,0,0,0,0,0,0,0,0,0,0,0,0,0,0,0,0,0,0,0,0,0,0,0,0,0,0,0,0,0,0,0,0,0,0,0,0,0,0,0,0,0,0,0,0,0,0,0,0,0,0,0,0,0,0,
4080,0,0,0,0,0,0,0,0,0,0,0,0,0,0,0,0,0,0,0,0,0,0,0,0,0,0,0,0,0,0,0,0,0,0,0,0,0,0,0,0,0,0,0,0,0,0,0,0,0,0,0,0,0,0,0,0,0,0,0,0,0,0,0,0,0,0,0,0,0,0,0,0,0,0,
4100,0,0,0,0,0,0,0,0,0,0,0,0,0,0,0,0,0,0,0,0,0,0,0,0,0,0,0,0,0,0,0,0,0,0,0,0,0,0,0,0,0,0,0,0,0,0,0,0,0,0,0,0,0,0,0,0,0,0,0,0,0,0,0,0,0,0,0,0,0,0,0,0,0,0,
4120,0,0,0,0,0,0,0,0,0,0,0,0,0,0,0,0,0,0,0,0,0,0,0,0,0,0,0,0,0,0,0,0,0,0,0,0,0,0,0,0,0,0,0,0,0,0,0,0,0,0,0,0,0,0,0,0,0,0,0,0,0,0,0,0,0,0,0,0,0,0,0,0,0,0,
4140,0,0,0,0,0,0,0,0,0,0,0,0,0,0,0,0,0,0,0,0,0,0,0,0,0,0,0,0,0,0,0,0,0,0,0,0,0,0,0,0,0,0,0,0,0,0,0,0,0,0,0,0,0,0,0,0,0,0,0,0,0,0,0,0,0,0,0,0,0,0,0,0,0,0,
4160,0,0,0,0,0,0,0,0,0,0,0,0,0,0,0,0,0,0,0,0,0,0,0,0,0,0,0,0,0,0,0,0,0,0,0,0,0,0,0,0,0,0,0,0,0,0,0,0,0,0,0,0,0,0,0,0,0,0,0,0,0,0,0,0,0,0,0,0,0,0,0,0,0,0,
4180,0,0,0,0,0,0,0,0,0,0,0,0,0,0,0,0,0,0,0,0,0,0,0,0,0,0,0,0,0,0,0,0,0,0,0,0,0,0,0,0,0,0,0,0,0,0,0,0,0,0,0,0,0,0,0,0,0,0,0,0,0,0,0,0,0,0,0,0,0,0,0,0,0,0,
4200,0,0,0,0,0,0,0,0,0,0,0,0,0,0,0,0,0,0,0,0,0,0,0,0,0,0,0,0,0,0,0,0,0,0,0,0,0,0,0,0,0,0,0,0,0,0,0,0,0,0,0,0,0,0,0,0,0,0,0,0,0,0,0,0,0,0,0,0,0,0,0,0,0,0,
4220,0,0,0,0,0,0,0,0,0,0,0,0,0,0,0,0,0,0,0,0,0,0,0,0,0,0,0,0,0,0,0,0,0,0,0,0,0,0,0,0,0,0,0,0,0,0,0,0,0,0,0,0,0,0,0,0,0,0,0,0,0,0,0,0,0,0,0,0,0,0,0,0,0,0,
4240,0,0,0,0,0,0,0,0,0,0,0,0,0,0,0,0,0,0,0,0,0,0,0,0,0,0,0,0,0,0,0,0,0,0,0,0,0,0,0,0,0,0,0,0,0,0,0,0,0,0,0,0,0,0,0,0,0,0,0,0,0,0,0,0,0,0,0,0,0,0,0,0,0,0,
4260,0,0,0,0,0,0,0,0,0,0,0,0,0,0,0,0,0,0,0,0,0,0,0,0,0,0,0,0,0,0,0,0,0,0,0,0,0,0,0,0,0,0,0,0,0,0,0,0,0,0,0,0,0,0,0,0,0,0,0,0,0,0,0,0,0,0,0,0,0,0,0,0,0,0,
4280,0,0,0,0,0,0,0,0,0,0,0,0,0,0,0,0,0,0,0,0,0,0,0,0,0,0,0,0,0,0,0,0,0,0,0,0,0,0,0,0,0,0,0,0,0,0,0,0,0,0,0,0,0,0,0,0,0,0,0,0,0,0,0,0,0,0,0,0,0,0,0,0,0,0,
4300,0,0,0,0,0,0,0,0,0,0,0,0,0,0,0,0,0,0,0,0,0,0,0,0,0,0,0,0,0,0,0,0,0,0,0,0,0,0,0,0,0,0,0,0,0,0,0,0,0,0,0,0,0,0,0,0,0,0,0,0,0,0,0,0,0,0,0,0,0,0,0,0,0,0,
4320,0,0,0,0,0,0,0,0,0,0,0,0,0,0,0,0,0,0,0,0,0,0,0,0,0,0,0,0,0,0,0,0,0,0,0,0,0,0,0,0,0,0,0,0,0,0,0,0,0,0,0,0,0,0,0,0,0,0,0,0,0,0,0,0,0,0,0,0,0,0,0,0,0,0,
4340,0,0,0,0,0,0,0,0,0,0,0,0,0,0,0,0,0,0,0,0,0,0,0,0,0,0,0,0,0,0,0,0,0,0,0,0,0,0,0,0,0,0,0,0,0,0,0,0,0,0,0,0,0,0,0,0,0,0,0,0,0,0,0,0,0,0,0,0,0,0,0,0,0,0,
4360,0,0,0,0,0,0,0,0,0,0,0,0,0,0,0,0,0,0,0,0,0,0,0,0,0,0,0,0,0,0,0,0,0,0,0,0,0,0,0,0,0,0,0,0,0,0,0,0,0,0,0,0,0,0,0,0,0,0,0,0,0,0,0,0,0,0,0,0,0,0,0,0,0,0,
4380,0,0,0,0,0,0,0,0,0,0,0,0,0,0,0,0,0,0,0,0,0,0,0,0,0,0,0,0,0,0,0,0,0,0,0,0,0,0,0,0,0,0,0,0,0,0,0,0,0,0,0,0,0,0,0,0,0,0,0,0,0,0,0,0,0,0,0,0,0,0,0,0,0,0,
4400,0,0,0,0,0,0,0,0,0,0,0,0,0,0,0,0,0,0,0,0,0,0,0,0,0,0,0,0,0,0,0,0,0,0,0,0,0,0,0,0,0,0,0,0,0,0,0,0,0,0,0,0,0,0,0,0,0,0,0,0,0,0,0,0,0,0,0,0,0,0,0,0,0,0,
4420,0,0,0,0,0,0,0,0,0,0,0,0,0,0,0,0,0,0,0,0,0,0,0,0,0,0,0,0,0,0,0,0,0,0,0,0,0,0,0,0,0,0,0,0,0,0,0,0,0,0,0,0,0,0,0,0,0,0,0,0,0,0,0,0,0,0,0,0,0,0,0,0,0,0,
4440,0,0,0,0,0,0,0,0,0,0,0,0,0,0,0,0,0,0,0,0,0,0,0,0,0,0,0,0,0,0,0,0,0,0,0,0,0,0,0,0,0,0,0,0,0,0,0,0,0,0,0,0,0,0,0,0,0,0,0,0,0,0,0,0,0,0,0,0,0,0,0,0,0,0,
4460,0,0,0,0,0,0,0,0,0,0,0,0,0,0,0,0,0,0,0,0,0,0,0,0,0,0,0,0,0,0,0,0,0,0,0,0,0,0,0,0,0,0,0,0,0,0,0,0,0,0,0,0,0,0,0,0,0,0,0,0,0,0,0,0,0,0,0,0,0,0,0,0,0,0,
4480,0,0,0,0,0,0,0,0,0,0,0,0,0,0,0,0,0,0,0,0,0,0,0,0,0,0,0,0,0,0,0,0,0,0,0,0,0,0,0,0,0,0,0,0,0,0,0,0,0,0,0,0,0,0,0,0,0,0,0,0,0,0,0,0,0,0,0,0,0,0,0,0,0,0,
4500,0,0,0,0,0,0,0,0,0,0,0,0,0,0,0,0,0,0,0,0,0,0,0,0,0,0,0,0,0,0,0,0,0,0,0,0,0,0,0,0,0,0,0,0,0,0,0,0,0,0,0,0,0,0,0,0,0,0,0,0,0,0,0,0,0,0,0,0,0,0,0,0,0,0,
4520,0,0,0,0,0,0,0,0,0,0,0,0,0,0,0,0,0,0,0,0,0,0,0,0,0,0,0,0,0,0,0,0,0,0,0,0,0,0,0,0,0,0,0,0,0,0,0,0,0,0,0,0,0,0,0,0,0,0,0,0,0,0,0,0,0,0,0,0,0,0,0,0,0,0,
4540,0,0,0,0,0,0,0,0,0,0,0,0,0,0,0,0,0,0,0,0,0,0,0,0,0,0,0,0,0,0,0,0,0,0,0,0,0,0,0,0,0,0,0,0,0,0,0,0,0,0,0,0,0,0,0,0,0,0,0,0,0,0,0,0,0,0,0,0,0,0,0,0,0,0,
4560,0,0,0,0,0,0,0,0,0,0,0,0,0,0,0,0,0,0,0,0,0,0,0,0,0,0,0,0,0,0,0,0,0,0,0,0,0,0,0,0,0,0,0,0,0,0,0,0,0,0,0,0,0,0,0,0,0,0,0,0,0,0,0,0,0,0,0,0,0,0,0,0,0,0,
4580,0,0,0,0,0,0,0,0,0,0,0,0,0,0,0,0,0,0,0,0,0,0,0,0,0,0,0,0,0,0,0,0,0,0,0,0,0,0,0,0,0,0,0,0,0,0,0,0,0,0,0,0,0,0,0,0,0,0,0,0,0,0,0,0,0,0,0,0,0,0,0,0,0,0,
4600,0,0,0,0,0,0,0,0,0,0,0,0,0,0,0,0,0,0,0,0,0,0,0,0,0,0,0,0,0,0,0,0,0,0,0,0,0,0,0,0,0,0,0,0,0,0,0,0,0,0,0,0,0,0,0,0,0,0,0,0,0,0,0,0,0,0,0,0,0,0,0,0,0,0,
4620,0,0,0,0,0,0,0,0,0,0,0,0,0,0,0,0,0,0,0,0,0,0,0,0,0,0,0,0,0,0,0,0,0,0,0,0,0,0,0,0,0,0,0,0,0,0,0,0,0,0,0,0,0,0,0,0,0,0,0,0,0,0,0,0,0,0,0,0,0,0,0,0,0,0,
4640,0,0,0,0,0,0,0,0,0,0,0,0,0,0,0,0,0,0,0,0,0,0,0,0,0,0,0,0,0,0,0,0,0,0,0,0,0,0,0,0,0,0,0,0,0,0,0,0,0,0,0,0,0,0,0,0,0,0,0,0,0,0,0,0,0,0,0,0,0,0,0,0,0,0,
4660,0,0,0,0,0,0,0,0,0,0,0,0,0,0,0,0,0,0,0,0,0,0,0,0,0,0,0,0,0,0,0,0,0,0,0,0,0,0,0,0,0,0,0,0,0,0,0,0,0,0,0,0,0,0,0,0,0,0,0,0,0,0,0,0,0,0,0,0,0,0,0,0,0,0,
4680,0,0,0,0,0,0,0,0,0,0,0,0,0,0,0,0,0,0,0,0,0,0,0,0,0,0,0,0,0,0,0,0,0,0,0,0,0,0,0,0,0,0,0,0,0,0,0,0,0,0,0,0,0,0,0,0,0,0,0,0,0,0,0,0,0,0,0,0,0,0,0,0,0,0,
4700,0,0,0,0,0,0,0,0,0,0,0,0,0,0,0,0,0,0,0,0,0,0,0,0,0,0,0,0,0,0,0,0,0,0,0,0,0,0,0,0,0,0,0,0,0,0,0,0,0,0,0,0,0,0,0,0,0,0,0,0,0,0,0,0,0,0,0,0,0,0,0,0,0,0,
4720,0,0,0,0,0,0,0,0,0,0,0,0,0,0,0,0,0,0,0,0,0,0,0,0,0,0,0,0,0,0,0,0,0,0,0,0,0,0,0,0,0,0,0,0,0,0,0,0,0,0,0,0,0,0,0,0,0,0,0,0,0,0,0,0,0,0,0,0,0,0,0,0,0,0,
4740,0,0,0,0,0,0,0,0,0,0,0,0,0,0,0,0,0,0,0,0,0,0,0,0,0,0,0,0,0,0,0,0,0,0,0,0,0,0,0,0,0,0,0,0,0,0,0,0,0,0,0,0,0,0,0,0,0,0,0,0,0,0,0,0,0,0,0,0,0,0,0,0,0,0,
4760,0,0,0,0,0,0,0,0,0,0,0,0,0,0,0,0,0,0,0,0,0,0,0,0,0,0,0,0,0,0,0,0,0,0,0,0,0,0,0,0,0,0,0,0,0,0,0,0,0,0,0,0,0,0,0,0,0,0,0,0,0,0,0,0,0,0,0,0,0,0,0,0,0,0,
4780,0,0,0,0,0,0,0,0,0,0,0,0,0,0,0,0,0,0,0,0,0,0,0,0,0,0,0,0,0,0,0,0,0,0,0,0,0,0,0,0,0,0,0,0,0,0,0,0,0,0,0,0,0,0,0,0,0,0,0,0,0,0,0,0,0,0,0,0,0,0,0,0,0,0,
4800,0,0,0,0,0,0,0,0,0,0,0,0,0,0,0,0,0,0,0,0,0,0,0,0,0,0,0,0,0,0,0,0,0,0,0,0,0,0,0,0,0,0,0,0,0,0,0,0,0,0,0,0,0,0,0,0,0,0,0,0,0,0,0,0,0,0,0,0,0,0,0,0,0,0,
4820,0,0,0,0,0,0,0,0,0,0,0,0,0,0,0,0,0,0,0,0,0,0,0,0,0,0,0,0,0,0,0,0,0,0,0,0,0,0,0,0,0,0,0,0,0,0,0,0,0,0,0,0,0,0,0,0,0,0,0,0,0,0,0,0,0,0,0,0,0,0,0,0,0,0,
4840,0,0,0,0,0,0,0,0,0,0,0,0,0,0,0,0,0,0,0,0,0,0,0,0,0,0,0,0,0,0,0,0,0,0,0,0,0,0,0,0,0,0,0,0,0,0,0,0,0,0,0,0,0,0,0,0,0,0,0,0,0,0,0,0,0,0,0,0,0,0,0,0,0,0,
4860,0,0,0,0,0,0,0,0,0,0,0,0,0,0,0,0,0,0,0,0,0,0,0,0,0,0,0,0,0,0,0,0,0,0,0,0,0,0,0,0,0,0,0,0,0,0,0,0,0,0,0,0,0,0,0,0,0,0,0,0,0,0,0,0,0,0,0,0,0,0,0,0,0,0,
4880,0,0,0,0,0,0,0,0,0,0,0,0,0,0,0,0,0,0,0,0,0,0,0,0,0,0,0,0,0,0,0,0,0,0,0,0,0,0,0,0,0,0,0,0,0,0,0,0,0,0,0,0,0,0,0,0,0,0,0,0,0,0,0,0,0,0,0,0,0,0,0,0,0,0,
4900,0,0,0,0,0,0,0,0,0,0,0,0,0,0,0,0,0,0,0,0,0,0,0,0,0,0,0,0,0,0,0,0,0,0,0,0,0,0,0,0,0,0,0,0,0,0,0,0,0,0,0,0,0,0,0,0,0,0,0,0,0,0,0,0,0,0,0,0,0,0,0,0,0,0,
4920,0,0,0,0,0,0,0,0,0,0,0,0,0,0,0,0,0,0,0,0,0,0,0,0,0,0,0,0,0,0,0,0,0,0,0,0,0,0,0,0,0,0,0,0,0,0,0,0,0,0,0,0,0,0,0,0,0,0,0,0,0,0,0,0,0,0,0,0,0,0,0,0,0,0,
4940,0,0,0,0,0,0,0,0,0,0,0,0,0,0,0,0,0,0,0,0,0,0,0,0,0,0,0,0,0,0,0,0,0,0,0,0,0,0,0,0,0,0,0,0,0,0,0,0,0,0,0,0,0,0,0,0,0,0,0,0,0,0,0,0,0,0,0,0,0,0,0,0,0,0,
4960,0,0,0,0,0,0,0,0,0,0,0,0,0,0,0,0,0,0,0,0,0,0,0,0,0,0,0,0,0,0,0,0,0,0,0,0,0,0,0,0,0,0,0,0,0,0,0,0,0,0,0,0,0,0,0,0,0,0,0,0,0,0,0,0,0,0,0,0,0,0,0,0,0,0,
4980,0,0,0,0,0,0,0,0,0,0,0,0,0,0,0,0,0,0,0,0,0,0,0,0,0,0,0,0,0,0,0,0,0,0,0,0,0,0,0,0,0,0,0,0,0,0,0,0,0,0,0,0,0,0,0,0,0,0,0,0,0,0,0,0,0,0,0,0,0,0,0,0,0,0,
5000,0,0,0,0,0,0,0,0,0,0,0,0,0,0,0,0,0,0,0,0,0,0,0,0,0,0,0,0,0,0,0,0,0,0,0,0,0,0,0,0,0,0,0,0,0,0,0,0,0,0,0,0,0,0,0,0,0,0,0,0,0,0,0,0,0,0,0,0,0,0,0,0,0,0,
5020,0,0,0,0,0,0,0,0,0,0,0,0,0,0,0,0,0,0,0,0,0,0,0,0,0,0,0,0,0,0,0,0,0,0,0,0,0,0,0,0,0,0,0,0,0,0,0,0,0,0,0,0,0,0,0,0,0,0,0,0,0,0,0,0,0,0,0,0,0,0,0,0,0,0,
5040,0,0,0,0,0,0,0,0,0,0,0,0,0,0,0,0,0,0,0,0,0,0,0,0,0,0,0,0,0,0,0,0,0,0,0,0,0,0,0,0,0,0,0,0,0,0,0,0,0,0,0,0,0,0,0,0,0,0,0,0,0,0,0,0,0,0,0,0,0,0,0,0,0,0,
5060,0,0,0,0,0,0,0,0,0,0,0,0,0,0,0,0,0,0,0,0,0,0,0,0,0,0,0,0,0,0,0,0,0,0,0,0,0,0,0,0,0,0,0,0,0,0,0,0,0,0,0,0,0,0,0,0,0,0,0,0,0,0,0,0,0,0,0,0,0,0,0,0,0,0,
5080,0,0,0,0,0,0,0,0,0,0,0,0,0,0,0,0,0,0,0,0,0,0,0,0,0,0,0,0,0,0,0,0,0,0,0,0,0,0,0,0,0,0,0,0,0,0,0,0,0,0,0,0,0,0,0,0,0,0,0,0,0,0,0,0,0,0,0,0,0,0,0,0,0,0,
5100,0,0,0,0,0,0,0,0,0,0,0,0,0,3,0,0,0,0,0,0,0,0,0,0,0,0,0,0,0,0,0,0,0,0,0,0,0,0,0,0,0,0,0,0,0,0,0,0,0,0,0,0,0,0,0,0,0,0,0,0,0,0,0,0,0,0,0,0,0,0,0,0,0,0,
5120,0,0,0,0,0,0,0,0,0,0,0,0,0,3,0,0,0,0,0,0,0,0,0,0,0,0,0,0,0,0,0,0,0,0,0,0,0,0,0,0,0,0,0,0,0,0,0,0,0,0,0,0,0,0,0,0,0,0,0,0,0,0,0,0,0,0,0,0,0,0,0,0,0,0,
5140,0,0,0,0,0,0,0,0,0,0,0,0,0,3,0,0,0,0,0,0,0,0,0,0,0,0,0,0,0,0,0,0,0,0,0,0,0,0,0,0,0,0,0,0,0,0,0,0,0,0,0,0,0,0,0,0,0,0,0,0,0,0,0,0,0,0,0,0,0,0,0,0,0,0,
5160,0,0,0,0,0,0,0,0,0,0,3,0,0,3,0,0,3,0,0,0,0,0,0,0,0,0,0,0,0,0,0,0,0,0,0,0,0,0,0,0,0,0,0,0,3,0,0,0,0,0,0,0,0,0,0,0,0,0,0,0,0,0,0,0,0,0,0,0,0,0,0,0,0,0,
5180,0,0,0,0,0,0,0,0,0,0,3,0,0,3,0,0,3,3,0,0,0,0,0,0,0,0,0,0,0,0,0,0,0,0,0,0,0,0,0,0,0,0,0,0,3,0,0,0,0,0,0,0,0,0,0,0,0,0,0,0,0,0,0,0,0,0,0,0,0,0,0,0,0,0,
5200,0,0,0,0,0,0,0,0,3,0,3,0,0,3,0,0,3,3,0,0,0,0,0,0,0,0,0,0,0,0,0,0,0,0,0,0,0,0,0,0,0,0,0,0,3,0,0,0,0,0,0,0,0,0,0,0,0,0,0,0,0,0,0,0,0,0,0,0,0,0,0,0,0,0,
5220,0,0,0,0,0,0,0,0,3,0,3,0,0,3,0,0,3,3,0,0,0,0,0,0,0,0,0,0,0,0,0,0,0,0,0,0,0,0,0,0,0,0,0,0,3,0,0,0,0,0,0,0,0,0,0,0,0,0,0,0,0,0,0,0,0,0,0,0,0,0,0,0,0,0,
5240,0,0,0,0,0,0,0,0,3,0,3,0,0,3,0,0,3,3,0,0,0,0,0,0,0,0,0,0,0,0,0,0,0,0,0,0,0,0,0,0,0,0,0,0,3,0,0,0,0,0,0,0,0,0,0,0,0,0,0,0,0,0,0,0,0,0,0,0,3,3,0,0,0,0,
5260,0,0,0,0,0,0,0,0,6,0,3,0,0,3,0,0,3,3,0,0,0,0,0,0,0,0,0,0,0,0,0,0,0,0,0,0,0,0,0,0,0,0,0,0,3,0,0,0,0,0,0,0,0,0,0,0,0,0,0,0,0,0,0,0,0,0,0,0,3,3,0,0,0,0,
5280,0,0,0,0,0,0,0,0,6,0,3,0,0,3,0,0,3,3,0,0,0,0,0,0,0,0,0,0,0,0,0,0,0,0,0,0,0,0,0,0,0,0,0,0,3,0,0,0,0,0,0,0,0,0,0,3,0,0,0,0,0,0,0,0,0,0,0,0,3,6,0,0,0,0,
5300,0,0,0,0,0,0,0,0,6,0,3,0,0,3,0,0,3,3,0,0,0,0,0,0,0,0,0,0,0,0,0,0,0,0,0,0,0,0,0,0,0,0,0,0,3,0,0,0,0,0,0,0,0,0,0,3,0,0,0,0,0,0,0,0,0,0,0,0,3,6,0,0,0,0,
5320,0,0,0,0,0,0,0,0,6,0,3,0,0,3,0,0,3,3,0,0,0,0,0,0,0,0,0,0,0,0,0,0,0,0,0,0,0,0,0,0,0,0,0,0,3,0,0,0,0,0,0,0,0,0,0,3,0,0,0,0,0,0,0,0,0,0,0,0,3,6,0,0,0,0,
5340,0,0,0,0,0,0,0,0,6,0,3,0,0,3,0,0,3,3,0,0,0,0,0,0,0,0,0,0,0,0,0,0,0,0,0,0,0,0,0,0,0,0,0,0,3,0,0,0,0,0,0,0,0,0,0,3,0,0,0,0,0,0,0,0,0,0,0,0,3,6,0,0,0,0,
5360,0,0,0,0,0,0,0,0,6,0,3,0,0,3,0,0,3,3,0,0,0,0,0,0,0,0,0,0,0,0,0,0,0,0,0,0,0,0,0,0,0,0,0,0,3,0,0,0,0,0,0,0,0,0,0,3,0,0,0,0,0,0,0,0,0,0,0,6,3,6,0,0,0,0,
5380,0,0,0,0,0,0,0,0,6,0,3,0,0,3,0,0,3,3,0,0,0,0,0,0,0,0,0,0,0,0,0,0,0,0,0,0,0,0,0,0,0,0,0,0,3,0,0,0,0,0,0,0,0,0,0,3,0,0,0,0,0,0,0,0,0,0,0,9,3,9,0,0,0,0,
5400,0,0,0,0,0,0,0,0,6,0,3,0,0,3,0,0,3,3,0,0,0,0,0,0,0,0,0,0,0,0,0,0,0,0,0,0,0,0,0,0,0,0,0,0,3,0,0,0,0,0,0,0,0,0,0,3,0,0,0,0,0,0,0,0,0,0,0,9,3,9,0,0,0,0,
5420,0,0,0,0,0,0,0,0,6,0,3,0,0,3,0,0,3,3,0,0,0,0,0,0,0,0,0,0,0,0,0,0,0,0,0,0,0,0,0,0,0,0,0,0,3,0,0,0,0,0,0,0,0,0,0,3,0,0,0,0,0,0,0,0,0,0,0,9,3,9,0,0,0,0,
5440,0,0,0,0,0,0,0,0,6,0,3,0,0,3,0,0,3,3,0,0,0,0,0,0,0,0,0,0,0,0,0,0,0,0,0,0,0,0,0,0,0,0,0,0,3,0,0,0,0,0,0,0,0,0,0,3,0,0,0,0,0,0,0,0,0,0,0,9,3,9,0,0,0,0,
5463,0,0,0,0,0,0,0,0,6,0,3,0,0,3,0,0,3,3,0,0,0,0,0,0,0,0,0,0,0,0,0,0,0,0,0,0,0,0,0,0,0,0,0,0,3,0,0,0,0,0,0,0,0,0,0,3,0,0,0,0,0,0,0,0,0,0,0,9,3,9,0,0,0,0,
5483,0,0,0,0,0,0,0,0,6,0,3,0,0,3,0,0,3,3,0,0,0,0,0,0,0,0,0,0,0,0,0,0,0,0,0,0,3,0,0,0,0,0,0,0,3,0,0,0,0,0,0,0,0,0,0,3,0,0,0,0,0,0,0,0,0,0,0,9,3,9,3,0,0,0,
5503,0,0,0,0,0,0,0,0,6,0,3,0,0,3,0,0,3,3,0,0,0,0,0,0,0,3,0,0,0,0,0,0,0,0,0,0,3,0,0,0,0,0,0,0,3,0,0,0,0,0,0,0,0,0,0,3,0,0,0,0,0,0,0,0,0,0,0,9,3,9,3,0,0,0,
5523,0,0,0,0,0,0,0,0,6,0,3,0,0,3,0,0,3,3,0,0,0,0,0,0,0,6,0,0,0,0,0,0,0,0,0,0,3,0,0,0,0,0,0,0,3,0,0,0,0,0,0,0,0,0,0,3,0,0,0,0,0,0,0,0,0,0,0,9,3,9,3,0,0,0,
5543,0,0,0,0,0,0,0,0,6,0,3,0,0,3,0,0,3,3,0,0,0,0,0,0,0,6,0,0,0,0,0,0,0,0,0,0,3,0,0,3,0,0,0,0,3,3,0,0,0,0,0,0,0,0,0,3,0,0,0,0,0,0,0,0,0,0,0,9,3,9,3,0,0,0,
5563,0,0,0,0,0,0,0,0,6,0,3,0,0,3,0,0,3,3,0,0,0,0,0,0,0,6,0,0,0,0,0,0,0,0,0,0,3,0,0,3,0,0,0,0,3,3,0,0,0,0,0,0,6,0,0,3,0,0,0,0,0,0,0,0,0,0,0,9,3,9,3,0,0,0,
5583,0,0,0,0,0,0,0,0,6,0,3,0,0,3,0,0,3,3,0,0,0,0,0,0,0,6,0,0,0,0,0,0,0,0,0,0,3,0,0,3,0,0,0,0,3,6,0,0,0,0,0,0,6,0,0,3,0,0,0,0,0,0,0,0,0,0,0,9,3,9,3,0,0,0,
5603,0,0,0,0,0,0,0,0,6,0,3,0,0,3,0,0,3,3,0,0,0,0,0,0,0,9,0,0,0,0,0,0,0,0,0,0,3,0,0,3,0,0,0,0,3,6,0,0,0,0,0,0,6,0,0,3,0,0,0,0,0,0,0,0,0,0,0,9,3,9,3,0,0,0,
5623,0,0,0,0,0,0,0,0,6,0,3,0,0,3,0,0,3,3,0,0,0,0,0,0,0,9,0,0,0,0,0,0,0,0,0,0,3,0,0,3,0,0,0,0,3,6,0,0,0,0,0,0,6,0,0,3,0,0,0,0,0,0,0,0,0,0,0,9,3,9,3,0,0,0,
5643,0,0,0,0,0,0,0,0,6,0,3,0,0,3,0,0,3,3,0,0,0,0,0,0,0,9,0,0,0,0,0,0,0,0,0,0,3,0,0,3,0,0,0,0,3,6,0,0,0,0,0,0,6,0,0,3,0,0,0,0,0,0,0,0,0,0,0,9,3,9,3,0,0,0,
5663,0,0,0,0,0,3,0,3,6,0,3,0,0,3,0,0,3,3,0,0,0,0,0,0,0,9,0,0,0,0,0,0,0,0,0,0,3,0,0,3,0,0,0,0,3,6,0,0,0,0,0,0,6,0,0,3,0,0,0,0,0,0,0,0,0,0,0,9,3,9,3,0,0,0,
5683,0,0,0,0,0,6,0,3,6,0,3,0,0,3,0,0,3,3,0,0,0,0,0,0,0,9,0,0,0,0,0,0,0,0,0,0,3,0,0,3,0,0,0,0,6,6,0,0,0,0,0,0,6,0,0,3,0,0,0,0,0,0,0,0,0,0,0,9,3,9,3,0,0,0,
5703,0,0,0,0,0,6,0,3,6,0,3,0,0,3,0,0,3,3,0,0,0,0,0,0,0,9,0,0,0,0,0,0,0,0,0,0,3,0,0,3,0,0,0,0,9,6,0,0,0,0,0,0,6,0,0,3,0,0,0,0,0,0,0,0,0,0,0,9,3,9,3,0,0,0,
5723,0,0,0,0,0,6,0,3,6,0,3,0,0,3,0,0,3,3,0,0,0,0,0,0,0,9,0,0,0,0,0,0,0,0,0,0,3,0,0,3,0,0,0,0,9,6,0,0,0,0,0,0,6,3,0,3,0,0,0,0,0,0,0,0,0,0,0,9,3,9,3,0,0,0,
5743,0,0,0,0,0,6,0,3,6,0,3,0,0,3,0,0,3,3,0,0,0,0,0,0,0,9,0,0,0,0,0,0,0,0,0,0,3,0,0,3,0,0,0,0,9,6,0,0,0,0,0,0,6,3,0,3,0,0,0,0,0,0,0,0,0,0,0,9,3,9,3,0,0,0,
5763,0,0,0,0,3,6,0,3,6,0,3,0,0,3,3,0,3,3,0,0,0,0,0,0,0,9,0,0,0,0,0,0,0,0,0,0,3,0,0,3,0,0,0,0,9,6,0,0,0,0,0,0,6,6,3,3,0,0,0,0,0,0,0,0,0,0,0,9,3,9,3,0,0,0,
5783,0,0,0,0,3,6,3,3,6,0,3,0,0,3,3,0,3,3,0,0,0,0,0,0,0,9,0,0,0,0,0,0,0,0,0,0,3,0,0,3,0,0,0,0,9,6,0,0,3,0,0,0,6,6,3,6,0,0,0,0,0,0,0,0,0,0,0,9,3,15,3,0,0,0,
5803,0,0,0,0,3,6,6,3,6,0,3,0,3,3,6,0,3,3,0,0,3,0,0,0,0,9,0,0,0,0,0,0,0,0,0,0,3,0,0,3,0,0,0,0,9,6,0,0,3,0,0,0,6,6,3,6,0,0,0,0,0,0,0,0,0,0,0,9,3,15,3,0,0,0,
5823,0,0,0,0,3,6,6,3,6,0,3,0,6,3,6,0,3,3,0,0,3,0,0,0,0,9,0,0,0,0,0,0,0,0,0,0,3,0,0,3,0,0,0,0,9,6,0,0,3,0,0,0,6,9,3,15,0,0,0,0,0,0,0,0,0,0,0,9,3,15,3,0,0,0,
5843,3,0,0,0,3,6,6,3,6,0,3,0,6,3,6,0,3,3,0,0,3,0,0,0,0,9,0,0,0,0,0,0,0,0,0,0,3,0,0,3,0,0,0,0,9,6,0,0,3,0,0,0,6,9,3,15,0,0,0,0,0,0,0,0,0,0,0,9,3,15,3,0,0,0,
5863,3,0,0,0,3,15,6,3,6,0,3,0,6,3,6,0,3,3,0,0,3,0,0,0,0,9,0,0,0,0,0,0,0,3,0,0,3,0,0,3,0,3,0,0,9,6,0,0,3,0,0,0,6,9,3,18,0,0,0,0,0,0,0,0,0,0,0,9,3,18,3,0,0,0,
5883,3,0,0,0,3,18,6,3,6,0,3,0,6,3,12,0,3,3,0,0,3,0,0,0,0,9,0,0,0,0,0,0,0,3,0,0,3,0,0,3,0,6,0,0,9,6,0,0,3,0,0,0,6,9,3,18,0,0,3,0,0,0,0,0,0,0,0,9,3,18,3,0,0,0,
5903,3,0,0,0,3,18,6,3,9,0,3,0,6,3,12,0,3,3,0,0,3,0,0,0,0,9,0,0,0,0,0,0,0,3,0,0,3,0,0,3,0,6,0,0,9,6,0,0,3,0,0,0,6,9,6,18,0,0,3,0,0,0,0,0,0,0,0,9,3,18,3,0,0,0,
5923,3,0,0,0,3,18,6,3,15,0,3,0,6,3,12,0,3,3,0,0,3,0,0,0,0,9,0,0,0,0,0,0,0,3,0,0,3,0,0,3,0,6,0,0,9,6,0,0,3,0,0,0,6,9,9,18,0,0,3,0,0,0,0,0,0,0,0,9,3,18,3,0,0,0,
5943,3,0,0,0,3,18,6,3,18,0,3,0,6,3,12,0,3,3,0,0,3,0,0,0,0,9,0,0,0,0,0,0,0,3,0,0,3,0,0,3,0,6,0,0,9,6,0,0,3,0,0,0,6,9,9,18,0,0,3,0,0,0,0,0,6,0,0,9,3,18,3,0,0,0,
5963,3,0,0,0,3,18,6,3,21,0,3,0,6,3,12,0,3,3,0,0,3,0,0,0,0,9,0,0,0,0,0,0,0,3,0,0,3,0,0,3,0,6,0,0,9,6,0,0,3,0,0,0,6,9,9,18,0,0,3,0,0,0,0,0,12,0,0,9,3,18,3,0,0,0,
5983,3,0,0,0,3,18,6,3,21,0,3,0,6,3,12,0,3,3,0,0,3,0,0,0,0,9,0,0,0,0,0,0,0,3,0,0,3,0,0,3,0,12,0,0,9,6,0,0,3,0,0,3,6,9,9,18,0,3,3,0,3,0,0,0,12,0,0,9,3,18,3,0,0,0,
6003,3,0,0,0,3,18,6,3,21,0,3,0,6,3,12,0,3,3,0,0,3,0,0,0,0,9,0,0,0,0,0,0,0,3,0,0,3,0,0,3,0,21,0,0,9,9,0,0,3,0,0,6,6,9,9,18,0,9,3,0,3,0,0,0,12,0,0,9,3,18,3,0,0,0,
6023,3,0,3,0,3,18,6,3,21,0,3,0,6,3,12,0,3,3,0,0,3,0,0,0,0,9,0,0,0,0,0,0,0,3,0,0,3,0,0,3,0,21,0,0,9,9,0,0,3,0,0,6,6,9,9,18,0,9,3,0,3,0,0,0,12,0,0,9,3,18,3,0,0,0,
6043,3,0,9,0,3,18,6,3,21,0,3,0,6,3,12,0,3,3,0,0,3,0,0,0,0,9,0,0,0,0,0,0,0,3,0,0,3,0,0,3,0,24,0,0,9,9,0,0,3,0,0,6,6,9,9,21,0,9,3,0,3,0,0,0,12,0,0,9,3,18,3,0,0,0,
6063,3,0,9,0,3,18,6,3,21,0,3,0,6,3,12,0,3,3,0,0,3,0,0,0,0,9,0,0,0,0,0,0,0,3,0,0,3,0,0,3,0,24,0,0,9,9,0,0,3,0,0,6,6,9,9,21,0,12,3,0,3,0,0,0,12,0,0,9,3,18,3,0,0,0,
6083,3,0,12,0,3,21,6,3,21,0,3,0,6,3,12,0,3,3,0,0,3,0,0,0,0,9,0,0,0,0,3,0,0,3,0,0,3,0,0,3,0,24,0,0,9,9,0,3,3,0,0,9,6,9,9,24,0,12,3,0,3,0,0,0,12,0,0,9,3,18,3,0,0,0,
6103,3,0,12,0,3,21,6,3,21,0,3,0,6,3,12,0,3,3,0,0,3,0,0,0,0,9,0,0,0,0,3,0,0,3,0,0,3,0,0,3,3,24,0,0,9,9,0,3,3,0,0,9,6,9,9,30,3,12,3,0,3,0,0,0,12,0,0,9,3,18,3,0,0,0,
6123,3,0,12,0,3,21,6,3,21,0,3,0,6,3,12,0,3,3,0,0,3,0,0,0,0,9,0,0,0,0,3,0,0,3,0,0,3,0,0,3,3,24,0,0,9,9,0,3,3,0,0,9,6,9,9,33,6,12,3,0,3,0,0,0,12,0,0,9,3,18,3,0,0,0,
6143,3,0,12,0,3,27,6,3,21,0,3,0,6,3,12,0,3,3,0,0,3,0,0,0,0,9,0,0,0,0,3,0,0,3,0,0,3,0,0,3,3,24,0,0,9,9,0,3,3,0,0,9,6,9,9,33,6,12,3,0,3,0,0,0,12,0,0,9,3,18,3,0,0,0,
6163,3,0,12,0,3,27,6,3,21,0,3,0,6,3,12,0,3,3,0,0,3,0,0,0,0,9,0,0,0,0,3,0,0,3,0,0,3,0,0,3,3,24,0,0,9,9,0,3,3,0,0,9,6,12,9,33,6,12,3,0,3,0,0,0,12,0,0,9,3,18,3,0,0,0,
6183,3,0,12,0,6,27,6,3,21,0,3,0,6,3,12,0,3,3,0,0,3,0,0,0,0,9,0,0,0,0,3,0,0,3,0,0,3,0,0,3,3,24,0,0,9,9,0,3,3,0,0,9,6,12,9,33,6,12,3,0,3,0,0,0,12,0,0,9,3,18,3,0,0,0,
6203,3,0,12,0,6,27,6,3,21,0,3,0,6,3,12,0,3,3,0,0,3,0,0,0,0,9,0,0,0,0,3,0,0,3,0,0,3,0,0,3,3,24,0,0,9,9,0,3,3,0,0,9,6,12,9,33,6,12,3,0,3,0,0,0,12,0,0,9,3,18,3,0,0,0,
6223,3,0,12,0,6,27,6,3,21,0,3,0,6,3,12,0,3,3,0,0,3,0,0,0,0,9,0,0,0,0,3,0,0,3,0,0,3,0,0,3,3,24,0,0,9,9,0,3,3,0,0,9,6,12,9,33,6,12,3,0,3,0,0,0,12,0,0,9,3,18,3,0,0,0,
6243,3,0,12,0,6,27,6,3,21,0,3,0,6,3,12,0,3,3,0,0,3,0,0,0,0,9,0,0,0,0,3,0,0,3,0,0,3,0,0,3,3,24,0,0,9,9,0,3,3,0,0,9,6,12,9,33,6,12,3,0,3,0,0,0,12,0,0,9,3,18,3,0,3,0,
6263,3,0,12,0,6,27,6,3,21,0,3,0,6,3,12,0,3,3,0,0,3,0,0,0,0,9,0,0,0,0,3,0,0,3,0,0,3,0,0,3,3,24,0,0,9,9,0,3,3,0,0,9,6,12,9,33,6,12,3,0,3,0,0,0,12,0,0,9,3,18,3,0,3,0,
6283,3,0,12,0,6,27,6,3,21,0,3,0,6,3,12,0,3,3,0,0,3,0,0,0,0,9,0,0,0,0,3,0,0,3,0,0,3,0,0,3,3,30,0,0,9,9,0,3,3,0,0,9,6,12,9,33,6,12,3,0,3,0,0,0,12,0,0,9,3,18,3,0,3,0,
6303,3,0,12,0,6,27,6,3,21,0,3,0,6,3,12,0,3,3,0,0,3,0,0,0,0,9,0,0,0,0,3,0,0,3,0,0,3,0,0,3,3,30,0,0,9,9,0,3,3,0,0,9,6,12,9,33,6,12,3,0,3,0,0,0,12,0,0,9,3,18,3,0,3,0,
6323,3,0,12,0,6,27,6,3,21,0,3,0,6,3,12,0,3,3,0,0,3,0,0,0,0,9,0,0,0,0,3,0,0,3,0,0,3,0,0,3,3,30,0,0,9,9,0,3,3,0,0,9,6,12,9,33,6,12,3,0,3,0,0,0,12,0,0,9,3,18,3,0,3,0,
6343,3,0,12,0,6,27,6,3,21,0,3,0,6,3,12,0,3,3,0,0,3,0,0,0,0,9,0,0,0,0,3,0,0,3,0,0,3,0,0,3,3,30,0,0,9,9,0,3,3,0,0,9,6,12,9,33,6,12,3,0,3,0,0,0,12,0,0,9,3,21,3,0,3,0,
6363,3,0,12,0,6,27,6,3,21,0,3,0,6,3,12,0,3,3,0,0,3,0,0,0,0,9,0,0,0,0,3,0,0,3,0,0,3,0,0,3,3,33,0,0,9,9,0,3,3,0,0,9,6,12,9,33,6,12,3,0,3,0,0,0,12,0,0,9,3,21,6,0,3,0,
6383,3,0,12,0,6,27,6,3,21,0,3,0,6,3,12,0,3,3,0,0,3,0,0,0,0,9,0,0,0,0,3,0,0,3,0,0,3,0,0,3,3,33,0,0,9,12,0,3,3,0,0,9,6,12,9,33,6,15,3,0,3,0,0,0,12,0,0,9,3,21,6,0,3,0,
6403,3,0,12,0,6,27,6,3,21,0,3,0,6,3,12,0,3,3,0,0,3,0,0,0,0,9,0,0,0,0,3,0,0,3,0,0,3,0,0,3,3,33,0,0,9,12,0,3,3,0,0,9,6,12,9,33,6,15,3,0,3,0,0,0,12,0,0,9,3,21,6,0,3,0,
6423,3,0,12,0,6,27,6,3,21,0,3,0,6,3,12,0,3,3,0,0,3,0,0,0,0,9,0,0,0,0,3,0,0,3,0,0,3,0,0,3,3,33,0,0,9,12,0,3,3,0,0,9,6,12,9,33,6,18,3,0,3,0,0,0,12,0,0,9,3,21,6,0,3,0,
6443,3,0,12,0,6,27,6,3,21,0,3,0,6,3,12,0,3,3,0,0,3,0,0,0,0,9,0,0,0,0,3,0,0,3,0,0,3,0,0,3,3,33,0,0,9,12,0,3,3,0,0,9,6,12,9,33,6,18,3,0,3,0,0,0,12,0,0,9,3,21,6,0,3,0,
6463,3,0,12,0,6,27,6,3,21,0,6,0,6,3,12,0,3,3,0,0,3,0,0,0,0,9,0,3,0,0,3,0,0,3,0,0,3,0,0,3,3,33,0,0,9,12,0,3,3,0,0,9,6,12,9,33,6,18,3,0,3,0,0,0,12,0,0,9,3,21,6,0,3,0,
6483,3,0,12,0,6,27,6,3,21,0,6,0,6,3,12,0,3,3,0,0,3,0,0,0,0,9,0,3,0,0,3,0,0,3,0,0,3,0,0,3,3,33,0,0,9,12,0,3,3,0,0,9,6,12,9,33,6,18,3,0,3,0,0,0,12,0,0,9,3,21,6,0,3,0,
6503,3,0,12,0,6,27,6,3,21,0,6,0,6,3,12,0,3,3,0,0,3,0,0,0,0,9,0,3,0,0,3,0,0,3,0,0,3,0,0,3,3,33,0,0,9,12,0,3,3,0,0,9,6,12,9,33,6,18,3,0,3,0,0,0,12,0,0,9,3,21,6,0,3,0,
6523,3,0,12,0,6,27,6,3,21,0,6,0,6,3,12,0,3,3,0,0,3,0,0,0,0,9,0,3,0,0,3,0,0,3,0,0,3,0,0,3,3,33,0,0,9,12,0,3,3,0,0,9,6,12,9,33,6,18,3,0,3,0,0,0,12,0,0,9,3,21,6,0,3,0,
6543,3,0,12,0,6,27,6,3,21,0,6,0,6,3,12,0,3,3,0,0,3,0,0,0,0,9,0,3,0,0,3,0,0,3,0,0,3,0,0,3,3,33,0,0,9,12,0,3,3,0,0,9,6,12,9,33,6,18,3,0,3,0,0,0,12,0,0,9,3,21,6,0,3,0,
6563,3,0,12,0,6,27,6,3,21,0,6,0,6,3,12,0,3,3,0,0,3,0,0,0,0,9,0,3,0,0,3,0,0,3,0,0,3,0,0,3,3,33,0,0,9,12,0,3,3,0,0,9,6,12,9,33,6,18,3,0,3,0,0,0,12,0,3,9,3,21,6,0,3,0,
6583,3,0,12,0,6,27,6,3,21,0,6,0,6,3,12,0,3,3,0,0,3,0,0,0,0,9,0,3,0,0,3,0,0,3,0,0,3,0,0,3,3,33,0,0,9,12,0,3,3,0,0,9,6,12,9,33,9,18,3,0,3,0,0,0,12,0,3,9,3,21,6,0,3,0,
6603,3,0,12,0,6,27,6,3,21,0,6,0,6,3,12,0,3,3,0,0,3,0,0,0,0,9,0,3,0,0,3,0,0,3,0,0,3,0,0,3,3,33,0,0,9,12,0,3,3,0,0,9,6,12,9,33,9,18,3,0,3,0,0,0,12,0,3,9,3,21,6,0,3,0,
6623,3,0,12,0,6,27,6,3,21,0,6,0,6,3,12,0,3,3,0,0,3,0,0,0,0,9,0,3,0,0,3,0,0,3,0,0,3,0,0,3,3,33,0,0,9,12,0,3,3,0,0,9,6,12,9,33,9,18,3,0,3,0,0,0,12,0,3,9,3,21,6,0,3,0,
6643,3,0,12,0,6,27,6,3,21,0,6,0,6,3,12,0,3,3,0,0,3,0,0,0,0,9,0,3,0,0,3,0,0,3,0,0,3,0,0,3,3,33,0,0,9,12,0,3,3,0,0,9,6,12,9,33,9,18,3,0,3,0,0,0,12,0,3,9,3,21,6,0,3,0,
6663,3,0,12,0,6,27,6,3,21,0,6,0,6,3,12,0,3,3,0,0,3,0,0,0,0,9,0,3,0,0,3,0,0,3,0,0,3,0,0,3,3,33,0,0,9,12,0,3,3,0,0,9,6,12,9,33,9,18,3,0,3,0,0,0,12,0,3,9,3,21,6,0,3,0,
6683,3,0,12,0,6,27,6,3,21,0,6,0,6,3,12,0,3,3,0,0,3,0,0,0,0,9,0,3,0,0,3,0,0,3,0,0,3,0,0,3,3,33,0,0,9,12,0,3,3,0,0,9,6,12,9,33,9,18,3,0,3,0,0,0,12,0,3,9,3,21,6,0,3,0,
6703,3,0,12,0,6,27,6,3,21,0,6,3,6,3,12,0,3,3,0,0,3,0,0,0,0,9,0,3,0,0,3,0,0,3,0,0,3,0,0,3,3,33,0,0,9,12,0,3,3,0,0,9,6,12,9,33,9,18,3,0,3,0,0,0,12,0,3,9,3,21,6,0,3,0,
6723,3,0,12,0,6,27,6,3,21,0,6,3,6,3,12,0,3,3,0,0,3,0,0,0,0,9,0,3,0,0,3,0,0,3,0,0,3,0,0,3,3,33,0,0,9,12,0,3,3,0,0,9,6,12,9,33,9,18,3,0,3,0,0,0,12,0,3,9,3,21,6,0,3,0,
6743,3,0,12,0,6,27,6,3,21,0,6,3,6,3,12,0,3,3,0,0,3,0,0,0,0,9,0,3,0,0,3,0,0,3,0,0,3,0,0,3,3,33,0,0,9,12,0,3,3,0,0,9,6,12,9,33,9,18,3,0,3,0,0,0,12,0,3,9,3,21,6,0,3,0,
6763,3,0,12,0,6,27,6,3,21,0,6,3,6,3,12,0,3,3,0,0,3,0,0,0,0,9,0,3,0,0,3,0,0,3,0,0,3,0,0,3,3,33,0,0,9,12,0,3,3,0,0,9,6,12,9,33,9,18,3,0,3,0,0,0,12,0,3,9,3,21,6,0,3,0,
6783,3,0,12,0,6,27,6,3,21,0,6,3,6,3,12,0,6,3,0,0,3,0,0,0,0,9,0,3,0,0,3,0,0,3,0,0,3,0,0,3,3,33,0,0,9,12,0,3,3,0,0,9,6,12,9,33,9,18,3,0,3,0,0,0,12,0,3,9,3,21,6,0,3,0,
6803,3,0,12,0,6,30,6,3,21,0,6,3,6,3,12,0,6,3,0,0,3,0,0,0,0,9,0,3,0,0,3,0,0,6,0,0,3,0,0,3,3,33,0,0,9,12,0,3,3,0,0,9,6,12,9,33,9,18,3,0,3,0,0,0,12,0,3,9,3,21,6,0,3,0,
6823,3,0,12,0,6,30,6,3,21,0,6,3,6,3,12,0,6,3,0,0,3,0,0,0,0,9,0,3,0,0,3,0,0,6,0,0,3,0,0,3,3,33,0,0,9,12,0,3,3,0,0,9,6,15,9,33,9,18,3,0,3,0,0,0,12,0,3,9,3,21,6,0,3,0,
6843,3,0,12,0,6,30,6,3,21,0,6,3,6,3,12,0,6,3,0,0,3,0,0,0,0,9,0,3,0,0,3,0,0,6,0,0,3,0,0,3,3,33,0,0,9,12,0,3,3,0,0,9,6,15,9,33,9,18,3,0,3,0,0,0,12,0,3,9,3,21,6,0,3,0,
6863,3,0,12,0,6,30,6,3,21,0,6,3,6,3,12,0,6,3,0,0,3,0,0,0,0,9,0,3,0,0,3,0,0,6,0,0,3,0,0,3,3,33,0,0,9,12,0,3,3,0,0,9,6,15,9,33,9,18,3,0,3,0,0,0,12,0,3,9,3,21,6,0,3,0,
6883,3,0,12,0,6,30,6,3,21,0,6,3,6,3,12,0,6,3,0,0,3,0,0,0,0,9,0,3,0,0,3,0,0,6,0,0,3,0,0,3,3,36,0,0,9,12,0,3,3,0,0,9,6,15,9,33,9,18,3,0,3,0,0,0,12,0,3,9,3,21,6,0,3,0,
6903,3,0,12,0,6,30,6,3,21,0,6,3,6,3,12,0,6,3,0,0,3,0,0,0,0,9,0,3,0,0,3,0,0,6,0,3,3,0,0,3,3,36,0,0,9,12,0,3,3,0,0,9,6,15,9,33,9,18,3,0,3,0,0,0,12,0,3,9,3,21,6,0,3,0,
6923,3,0,12,0,6,30,6,3,21,0,6,3,6,3,12,0,6,3,0,0,3,0,0,0,0,9,0,3,0,0,3,0,0,6,0,3,3,0,0,3,3,36,0,0,9,12,0,3,3,0,0,9,6,15,9,33,9,18,3,0,3,0,0,0,12,0,3,9,3,21,6,0,3,0,
6943,3,0,12,0,6,30,6,3,21,0,6,3,6,3,12,0,6,3,0,0,3,0,0,0,0,9,0,3,0,0,3,0,0,6,0,3,3,0,0,3,3,36,0,0,9,12,0,3,3,0,0,9,6,15,9,33,9,18,3,0,3,0,0,0,12,0,3,9,3,21,6,0,3,0,
6963,3,0,12,0,6,30,6,3,21,0,6,3,6,3,12,0,6,3,0,0,3,0,0,0,0,9,0,3,0,0,3,0,0,6,0,3,3,0,0,3,3,36,0,0,9,12,0,3,3,0,0,9,6,15,9,33,9,18,3,0,3,0,0,0,12,0,3,9,3,21,6,0,3,0,
6983,3,0,12,0,6,30,6,3,21,0,6,3,6,3,12,0,6,3,0,0,3,0,0,0,0,9,0,3,0,0,3,0,0,6,0,3,3,0,0,3,3,36,0,0,9,12,0,3,3,0,0,9,6,15,9,33,9,18,3,0,3,0,0,0,12,0,3,9,3,21,6,0,3,0,
7003,3,0,12,0,6,30,6,3,21,0,6,3,6,3,12,0,6,3,0,0,3,0,0,0,0,9,0,3,0,0,3,0,0,6,0,3,3,0,0,3,3,36,0,0,9,12,0,3,3,0,0,9,6,15,9,33,9,21,3,0,3,0,0,0,12,0,3,9,3,21,6,0,3,0,
7023,3,0,12,0,6,30,6,3,21,0,6,3,6,3,12,0,6,3,0,0,3,0,0,0,0,9,0,3,0,0,3,0,0,6,0,3,3,0,0,3,3,36,0,0,9,12,0,3,3,0,0,9,6,15,9,33,9,21,3,0,3,0,0,0,12,0,3,9,3,21,6,0,3,0,
7043,3,0,12,0,6,30,6,3,21,0,6,3,6,3,12,0,6,3,0,0,3,0,0,0,0,9,0,3,0,0,3,0,0,6,0,3,3,0,0,3,3,36,0,0,9,12,0,3,3,0,0,9,6,15,9,33,9,21,3,0,3,0,0,0,12,0,3,9,3,21,6,0,3,0,
7063,3,0,12,0,6,30,6,3,21,0,6,3,6,3,12,0,6,3,0,0,3,0,0,0,0,9,0,3,0,0,3,0,0,6,0,3,3,0,0,3,3,36,0,0,9,12,0,3,3,0,0,9,6,15,9,33,9,21,3,0,3,0,0,0,12,0,3,9,3,21,6,0,3,0,
7083,6,0,12,0,6,30,6,3,21,0,6,3,6,3,12,0,6,3,0,0,3,0,0,0,0,9,0,3,0,0,3,0,0,6,0,3,3,0,0,3,3,36,0,0,9,12,0,3,3,0,0,9,6,15,9,33,9,21,3,0,3,0,0,0,12,0,6,9,3,21,6,0,3,0,
7103,6,0,12,0,6,30,6,3,21,0,6,3,6,3,12,0,6,3,0,0,3,0,0,0,0,9,0,3,0,0,3,0,0,6,0,3,3,0,0,3,3,36,0,0,9,12,0,3,3,0,0,9,6,15,9,33,9,21,3,0,3,0,0,0,12,0,6,9,3,21,6,0,3,0,
7123,6,0,12,0,6,30,6,3,21,0,6,3,6,3,12,0,6,3,0,0,3,0,0,0,0,9,0,3,0,0,3,0,0,6,0,3,3,0,0,3,3,36,0,0,9,12,0,3,3,0,0,9,6,15,9,33,9,21,3,0,3,0,0,0,12,0,9,9,3,21,6,0,3,0,
7143,6,0,12,0,6,30,6,3,21,0,6,3,6,3,12,0,6,3,0,0,3,0,0,0,0,9,0,3,0,0,3,0,0,6,0,3,3,0,0,3,3,36,0,0,9,12,0,3,3,0,0,9,6,15,9,33,9,21,3,0,3,0,0,0,12,0,9,9,3,21,6,0,3,0,
7163,6,0,12,0,6,30,6,3,21,0,6,3,6,3,12,0,6,3,0,0,3,0,0,0,0,9,0,3,0,0,3,0,0,6,0,3,3,0,0,3,3,36,0,0,9,12,0,3,3,0,0,9,6,15,9,33,9,21,3,0,3,0,0,0,12,0,9,9,3,21,6,0,3,0,
7183,6,0,12,0,6,30,6,3,21,0,6,3,6,3,12,0,6,3,0,0,3,0,0,0,0,9,0,3,0,0,3,0,0,6,0,3,3,0,0,3,3,36,0,0,9,12,0,3,3,0,0,9,6,15,9,33,9,21,3,0,3,0,0,0,12,0,9,9,3,21,6,0,3,0,
7203,6,0,12,0,6,30,6,3,21,0,6,3,6,3,12,0,6,3,0,0,3,0,0,0,0,9,0,3,0,0,3,0,0,6,0,3,3,0,0,3,3,36,0,0,9,12,0,3,3,0,0,9,6,15,9,33,9,21,3,0,3,0,0,0,12,0,9,9,3,21,6,0,3,0,
7223,6,0,12,0,6,30,6,3,21,0,6,3,6,3,12,0,6,3,0,0,3,0,0,0,0,9,0,3,0,0,3,0,0,6,0,3,3,0,0,3,3,36,0,0,9,12,0,3,3,0,0,9,6,15,9,33,9,21,3,0,3,0,0,0,12,0,9,9,3,21,6,0,3,0,
7243,6,0,12,0,6,30,6,3,21,0,6,3,6,3,12,0,6,3,0,0,3,0,0,0,0,9,0,3,0,0,6,0,0,6,0,3,3,0,0,3,3,36,0,0,9,12,0,3,3,0,0,9,6,15,9,33,9,21,3,0,3,0,0,0,12,0,9,9,3,21,6,0,3,0,
7263,6,0,12,0,6,30,6,3,21,0,6,3,6,3,12,0,6,3,0,0,3,0,0,0,0,9,0,3,0,0,6,0,0,6,0,3,3,0,0,3,3,36,0,0,9,12,0,3,3,0,0,9,6,15,9,33,9,21,3,0,3,0,0,0,12,0,9,9,3,21,6,0,3,0,
7283,6,0,12,0,6,30,6,3,21,0,6,3,6,3,12,0,6,3,0,0,3,0,0,0,0,9,0,3,0,0,6,0,0,6,0,3,3,0,0,3,3,36,0,0,9,12,0,3,3,0,0,9,6,15,9,33,9,21,3,0,3,0,0,0,12,0,9,9,3,21,6,0,3,0,
7303,6,0,12,0,6,30,6,3,21,0,6,3,6,3,12,0,6,3,0,0,3,0,0,0,0,9,0,3,0,0,6,0,0,6,0,3,3,0,0,3,3,36,0,0,9,12,0,3,3,0,0,9,6,15,9,33,9,21,3,0,3,0,0,0,12,0,9,9,3,21,6,0,3,0,
7323,6,0,12,0,6,30,6,3,21,0,6,3,6,3,12,0,6,3,0,0,3,0,0,0,0,9,0,3,0,0,6,0,0,6,0,3,3,0,0,3,3,36,0,0,9,12,0,3,3,0,0,9,6,15,9,33,9,21,3,0,3,0,0,0,12,0,9,9,3,21,6,0,3,0,
7343,6,0,12,0,6,30,6,3,21,0,6,3,6,3,12,0,6,3,0,0,3,0,0,0,0,9,0,3,0,0,6,0,0,6,0,3,3,0,0,3,3,36,0,0,9,12,0,3,3,0,0,9,6,15,9,33,9,21,3,0,3,0,0,0,12,0,9,9,3,21,6,0,3,0,
7363,6,0,12,0,6,30,6,3,21,0,6,3,6,3,12,0,6,3,0,0,3,0,0,0,0,9,0,3,0,0,6,0,0,6,0,3,3,0,0,3,3,36,0,0,9,12,0,3,3,0,0,9,6,15,9,33,9,21,3,0,3,0,0,0,12,0,9,9,3,21,6,0,3,0,
7383,6,0,12,0,6,30,6,3,21,0,6,3,6,3,12,0,6,3,0,0,3,0,0,0,0,9,0,3,0,0,6,0,0,6,0,3,3,0,0,3,3,36,0,0,9,12,0,3,3,0,0,9,6,15,9,33,9,21,3,0,3,0,0,0,12,0,9,9,3,21,6,0,3,0,
7403,6,0,12,0,6,30,6,3,21,0,6,3,6,3,12,0,6,6,0,0,3,0,0,0,0,9,0,3,0,0,6,0,0,6,0,3,3,0,0,3,3,36,0,0,9,12,0,3,3,0,0,9,6,15,9,33,9,21,3,0,3,0,0,0,12,0,9,9,3,21,6,0,3,0,
7423,6,0,12,0,6,30,6,3,21,0,6,3,6,3,12,0,6,6,0,0,3,0,0,0,0,9,0,3,0,0,6,0,0,6,0,3,3,0,0,3,3,36,0,0,9,12,0,3,3,0,0,9,6,15,9,33,9,21,3,0,3,0,0,0,12,0,9,9,3,21,6,0,3,0,
7443,6,0,12,0,6,30,6,3,21,0,6,3,6,3,12,0,6,6,0,0,3,0,0,0,0,9,0,3,0,0,6,0,0,6,0,3,3,0,0,3,3,36,0,0,9,12,0,3,3,0,0,9,6,15,9,33,9,21,3,0,3,0,0,0,12,0,9,9,3,21,6,0,3,0,
7463,6,0,12,0,6,30,6,3,21,0,6,3,6,3,12,0,6,6,0,0,3,0,0,0,0,9,0,3,0,0,6,0,0,6,0,3,3,0,0,3,3,36,0,0,9,12,0,3,3,0,0,9,6,15,9,33,9,21,3,0,3,0,0,0,12,0,9,9,3,21,6,0,3,0,
7483,6,0,12,0,6,30,6,3,21,0,6,3,6,3,12,0,6,6,0,0,3,0,0,0,0,9,0,3,0,0,6,0,0,6,0,3,3,0,0,3,3,36,0,0,9,12,0,3,3,0,0,9,6,15,9,33,9,21,3,0,3,0,0,0,12,0,9,9,3,21,6,0,3,0,
7503,6,0,12,0,6,30,6,3,21,0,6,3,6,3,12,0,6,6,0,0,3,0,0,0,0,9,0,3,0,0,6,0,0,6,0,3,3,0,0,3,3,36,0,0,9,12,0,3,3,0,0,9,6,15,9,33,9,21,3,0,3,0,0,0,12,0,9,9,3,21,6,0,3,0,
7523,6,0,12,0,6,30,6,3,21,0,6,3,6,3,12,0,6,6,0,0,3,3,0,0,0,9,0,3,0,0,6,0,0,6,0,3,3,0,0,3,3,36,0,0,9,12,0,3,3,0,0,9,6,15,9,33,9,21,3,0,3,0,0,0,12,0,9,9,3,21,6,0,3,0,
7543,6,0,12,0,6,30,6,3,21,0,6,3,6,3,12,0,6,6,0,0,3,3,0,0,0,9,0,3,0,0,6,0,0,6,0,3,3,0,0,3,3,36,0,0,9,12,0,3,3,0,0,9,6,15,9,33,9,21,3,0,3,0,0,0,12,0,9,9,3,21,6,0,3,0,
7563,6,0,12,0,6,30,6,3,21,0,6,3,6,3,12,0,6,6,0,0,3,3,0,0,0,9,0,3,0,0,6,0,0,6,0,3,3,0,0,3,3,36,0,0,9,12,0,3,3,0,0,9,6,15,9,33,9,21,3,0,3,0,0,0,12,0,9,9,3,21,6,0,3,0,
7583,6,0,12,0,6,30,6,3,21,0,6,3,6,3,12,0,6,6,0,0,3,3,0,0,0,9,0,3,0,0,6,0,0,6,0,3,3,0,0,3,3,36,0,0,9,12,0,3,3,0,0,9,6,15,9,33,9,21,3,0,3,0,0,0,12,0,9,9,3,21,6,0,3,0,
7603,6,0,12,0,6,30,6,3,21,0,6,3,6,3,12,0,6,6,0,0,3,3,0,0,0,9,0,3,0,0,6,0,0,6,0,3,3,0,0,3,3,36,0,0,9,12,0,3,3,0,0,9,6,15,9,33,9,21,3,0,3,0,0,0,12,0,9,9,3,21,6,0,3,0,
7623,6,0,12,0,6,30,6,3,21,0,6,3,6,3,12,0,6,6,0,0,3,3,0,0,0,9,0,3,0,0,6,0,0,6,0,3,3,0,0,3,3,36,0,0,9,12,0,3,3,0,0,9,6,15,9,33,9,21,3,0,3,0,0,0,12,0,9,9,3,21,6,0,3,0,
7643,6,0,12,0,6,30,6,3,21,0,6,3,6,3,12,0,6,6,0,0,3,3,0,0,0,9,0,3,0,0,6,0,0,6,0,3,3,0,0,3,3,36,0,0,9,12,0,3,3,0,0,9,6,15,9,33,9,21,3,0,3,0,0,0,12,0,9,9,3,21,6,0,3,0,
7663,6,0,12,0,6,30,6,3,21,0,6,3,6,3,12,0,6,6,0,0,3,3,0,0,0,9,0,3,0,0,6,0,0,6,0,3,3,0,0,3,3,36,0,0,9,12,0,3,3,0,0,9,6,15,9,33,9,21,3,0,3,0,0,0,12,0,9,9,3,21,6,0,3,0,
7683,6,0,12,0,6,30,6,3,21,0,6,3,6,3,12,0,6,6,0,0,3,3,0,0,0,9,0,3,0,0,6,0,0,6,0,3,3,0,0,3,3,36,0,0,9,12,0,3,3,0,0,9,6,15,9,33,9,21,3,0,3,0,0,0,12,0,9,9,3,21,6,0,3,0,
7703,6,0,12,0,6,30,6,3,21,0,6,3,6,3,12,0,6,6,0,0,3,3,0,0,0,9,0,3,0,0,6,0,0,6,0,3,3,0,0,3,3,36,0,0,9,12,0,3,3,0,0,9,6,15,9,33,9,21,3,0,3,0,0,0,12,0,9,9,3,21,6,0,3,0,
7723,6,0,12,0,6,30,6,3,21,0,6,3,6,3,12,0,6,6,0,0,3,3,0,0,0,9,0,3,0,0,6,0,0,6,0,3,3,0,0,3,3,36,0,0,9,12,0,3,3,0,0,9,6,15,9,33,9,21,3,0,3,0,0,0,12,0,9,9,3,21,6,0,3,0,
7743,6,0,12,0,6,30,6,3,21,0,6,3,6,3,12,0,6,6,0,0,3,3,0,0,0,9,0,3,0,0,6,0,0,6,0,3,3,0,0,3,3,36,0,0,9,12,0,3,3,0,0,9,6,15,9,33,9,21,3,0,3,0,0,0,12,0,9,9,3,21,6,0,3,0,
7763,6,0,12,0,6,30,6,3,21,0,6,3,6,3,12,0,6,6,0,0,3,3,0,0,0,9,0,3,0,0,6,0,0,6,0,3,3,0,0,3,3,36,0,0,9,12,0,3,3,0,0,9,6,15,9,33,9,21,3,0,3,0,0,0,12,0,9,9,3,21,6,0,3,0,
7783,6,0,12,0,6,30,6,3,21,0,6,3,6,3,12,0,6,6,0,0,3,3,0,0,0,9,0,3,0,0,6,0,0,6,0,3,3,0,0,3,3,36,0,0,9,12,0,3,3,0,0,9,6,15,9,33,9,21,3,0,3,0,0,0,12,0,9,9,3,21,6,0,3,0,
7803,6,0,12,0,6,30,6,3,21,0,6,3,6,3,12,0,6,6,0,0,3,3,0,0,0,9,0,3,0,0,6,0,0,6,0,3,3,0,0,3,3,36,0,0,9,12,0,3,3,0,0,9,6,15,9,33,9,21,3,0,3,0,0,0,12,0,9,9,3,21,6,0,3,0,
7823,6,0,12,0,6,30,6,3,21,0,6,3,6,3,12,0,6,6,0,0,3,3,0,0,0,9,0,3,0,0,6,0,0,6,0,3,3,0,0,3,3,36,0,0,9,12,0,3,3,0,0,9,6,15,9,33,9,21,3,0,3,0,0,0,12,0,9,9,3,21,6,0,3,0,
7843,6,0,12,0,6,30,6,3,21,0,6,3,6,3,12,0,6,6,0,0,3,3,0,0,0,9,0,3,0,0,6,0,0,6,0,3,3,0,0,3,3,36,0,0,9,12,0,3,3,0,0,9,6,15,9,33,9,21,3,0,3,0,0,0,12,0,9,9,3,21,6,0,3,0,
7863,6,0,12,0,6,30,6,3,21,0,6,3,6,3,12,0,6,6,0,0,3,3,0,0,0,9,0,3,0,0,6,0,0,6,0,3,3,0,0,3,3,36,0,0,9,12,0,3,3,0,0,9,6,15,9,33,9,21,3,0,3,0,0,0,12,0,9,9,3,21,6,0,3,0,
7883,6,0,12,0,6,30,6,3,21,0,6,3,6,3,12,0,6,6,0,0,3,3,0,0,0,9,0,3,0,0,6,0,0,6,0,3,3,0,0,3,3,36,0,0,9,12,0,3,3,0,0,9,6,15,9,33,9,21,3,0,3,0,0,0,12,0,9,9,3,21,6,0,3,0,
7903,6,0,12,0,6,30,6,3,21,0,6,3,6,3,12,0,6,6,0,0,3,3,0,0,0,9,0,3,0,0,6,0,0,6,0,3,3,0,0,3,3,36,0,0,9,12,0,3,3,0,0,9,6,15,9,33,9,21,3,0,3,0,0,0,12,0,9,9,3,21,6,0,3,0,
7923,6,0,12,0,6,30,6,3,21,0,6,3,6,3,12,0,6,6,0,0,3,3,0,0,0,9,0,3,0,0,6,0,0,6,0,3,3,0,0,3,3,36,0,0,9,12,0,3,3,0,0,9,6,15,9,33,9,21,3,0,3,0,0,0,12,0,9,9,3,21,6,0,3,0,
7943,6,0,12,0,6,30,6,3,21,0,6,3,6,3,12,0,6,6,0,0,3,3,0,0,0,9,0,3,0,0,6,0,0,6,0,3,3,0,0,3,3,36,0,0,9,12,0,3,3,0,0,9,6,15,9,33,9,21,3,0,3,0,0,0,12,0,9,9,3,21,6,0,3,0,
7963,6,0,12,0,6,30,6,3,21,0,6,3,6,3,12,0,6,6,0,0,3,3,0,0,0,9,0,3,0,0,6,0,0,6,0,3,3,0,0,3,3,36,0,0,9,12,0,3,3,0,0,9,6,15,9,33,9,21,3,0,3,0,0,0,12,0,9,9,3,21,6,0,3,0,
7983,6,0,12,0,6,30,6,3,21,0,6,3,6,3,12,0,6,6,0,0,3,3,0,0,0,9,0,3,0,0,6,0,0,6,0,3,3,0,0,3,3,36,0,0,9,12,0,3,3,0,0,9,6,15,9,33,9,21,3,0,3,0,0,0,12,0,9,9,3,21,6,0,3,0,
8003,6,0,12,0,6,30,6,3,21,0,6,3,6,3,12,0,6,6,0,0,3,3,0,0,0,9,0,3,0,0,6,0,0,6,0,3,3,0,0,3,3,36,0,0,9,12,0,3,3,0,0,9,6,15,9,33,9,21,3,0,3,0,0,0,12,0,9,9,3,21,6,0,3,0,
8023,6,0,12,0,6,30,6,3,21,0,6,3,6,3,12,0,6,6,0,0,3,3,0,0,0,9,0,3,0,0,6,0,0,6,0,3,3,0,0,3,3,36,0,0,9,12,0,3,3,0,0,9,6,15,9,33,9,21,3,0,3,0,0,0,12,0,9,9,3,21,6,0,3,0,
8043,6,0,12,0,6,30,6,3,21,0,6,3,6,3,12,0,6,6,0,0,3,3,0,0,0,9,0,3,0,0,6,0,0,6,0,3,3,0,0,3,3,36,0,0,9,12,0,3,3,0,0,9,6,15,9,33,9,21,3,0,3,0,0,0,12,0,9,9,3,21,6,0,3,0,
8063,6,0,12,0,6,30,6,3,21,0,6,3,6,3,12,0,6,6,0,0,3,3,0,0,0,9,0,3,0,0,6,0,0,6,0,3,3,0,0,3,3,36,0,0,9,12,0,3,3,0,0,9,6,15,9,33,9,21,3,0,3,0,0,0,12,0,9,9,3,21,6,0,3,0,
8083,6,0,12,0,6,30,6,3,21,0,6,3,6,3,12,0,6,6,0,0,3,3,0,0,0,9,0,3,0,0,6,0,0,6,0,3,3,0,0,3,3,36,0,0,9,12,0,3,3,0,0,9,6,15,9,33,9,21,3,0,3,0,0,0,12,0,9,9,3,21,6,0,3,0,
8103,6,0,12,0,6,30,6,3,21,0,6,3,6,3,12,0,6,6,0,0,3,3,0,0,0,9,0,3,0,0,6,0,0,6,0,3,3,0,0,3,3,36,0,0,9,12,0,3,3,0,0,9,6,15,9,33,9,21,3,0,3,0,0,0,12,0,9,9,3,21,6,0,3,0,
8123,6,0,12,0,6,30,6,3,21,0,6,3,6,3,12,0,6,6,0,0,3,3,0,0,0,9,0,3,0,0,6,0,0,6,0,3,3,0,0,3,3,36,0,0,9,12,0,3,3,0,0,9,6,15,9,33,9,21,3,0,3,0,0,0,12,0,9,9,3,21,6,0,3,0,
8143,6,0,12,0,6,30,6,3,21,0,6,3,6,3,12,0,6,6,0,0,3,3,0,0,0,9,0,3,0,0,6,0,0,6,0,3,3,0,0,3,3,36,0,0,9,12,0,3,3,0,0,9,6,15,9,33,9,21,3,0,3,0,0,0,12,0,9,9,3,21,6,0,3,0,
8163,6,0,12,0,6,30,6,3,21,0,6,3,6,3,12,0,6,6,0,0,3,3,0,0,0,9,0,3,0,0,6,0,0,6,0,3,3,0,0,3,3,36,0,0,9,12,0,3,3,0,0,9,6,15,9,33,9,21,3,0,3,0,0,0,12,0,9,9,3,21,6,0,3,0,
8183,6,0,12,0,6,30,6,3,21,0,6,3,6,3,12,0,6,6,0,0,3,3,0,0,0,9,0,3,0,0,6,0,0,6,0,3,3,0,0,3,3,36,0,0,9,12,0,3,3,0,0,9,6,15,9,33,9,21,3,0,3,0,0,0,12,0,9,9,3,21,6,0,3,0,
8203,6,0,12,0,6,30,6,3,21,0,6,3,6,3,12,0,6,6,0,0,3,3,0,0,0,9,0,3,0,0,6,0,0,6,0,3,3,0,0,3,3,36,0,0,9,12,0,3,3,0,0,9,6,15,9,33,9,21,3,0,3,0,0,0,12,0,9,9,3,21,6,0,3,0,
8223,6,0,12,0,6,30,6,3,21,0,6,3,6,3,12,0,6,6,0,0,3,3,0,0,0,9,0,3,0,0,6,0,0,6,0,3,3,0,0,3,3,36,0,0,9,12,0,3,3,0,0,9,6,15,9,33,9,21,3,0,3,0,0,0,12,0,9,9,3,21,6,0,3,0,
8243,6,0,12,0,6,30,6,3,21,0,6,3,6,3,12,0,6,6,0,0,3,3,0,0,0,9,0,3,0,0,6,0,0,6,0,3,3,0,0,3,3,36,0,0,9,12,0,3,3,0,0,9,6,15,9,33,9,21,3,0,3,0,0,0,12,0,9,9,3,21,6,0,3,0,
8263,6,0,12,0,6,30,6,3,21,0,6,3,6,3,12,0,6,6,0,0,3,3,0,0,0,9,0,3,0,0,6,0,0,6,0,3,3,0,0,3,3,36,0,0,9,12,0,3,3,0,0,9,6,15,9,33,9,21,3,0,3,0,0,0,12,0,9,9,3,21,6,0,3,0,
8283,6,0,12,0,6,30,6,3,21,0,6,3,6,3,12,0,6,6,0,0,3,3,0,0,0,9,0,3,0,0,6,0,0,6,0,3,3,0,0,3,3,36,0,0,9,12,0,3,3,0,0,9,6,15,9,33,9,21,3,0,3,0,0,0,12,0,9,9,3,21,6,0,3,0,
8303,6,0,12,0,6,30,6,3,21,0,6,3,6,3,12,0,6,6,0,0,3,3,0,0,0,9,0,3,0,0,6,0,0,6,0,3,3,0,0,3,3,36,0,0,9,12,0,3,3,0,0,9,6,15,9,33,9,21,3,0,3,0,0,0,12,0,9,9,3,21,6,0,3,0,
8323,6,0,12,0,6,30,6,3,21,0,6,3,6,3,12,0,6,6,0,0,3,3,0,0,0,9,0,3,0,0,6,0,0,6,0,3,3,0,0,3,3,36,0,0,9,12,0,3,3,0,0,9,6,15,9,33,9,21,3,0,3,0,0,0,12,0,9,9,3,21,6,0,3,0,
8343,6,0,12,0,6,30,6,3,21,0,6,3,6,3,12,0,6,6,0,0,3,3,0,0,0,9,0,3,0,0,6,0,0,6,0,3,3,0,0,3,3,36,0,0,9,12,0,3,3,0,0,9,6,15,9,33,9,21,3,0,3,0,0,0,12,0,9,9,3,21,6,0,3,0,
8363,6,0,12,0,6,30,6,3,21,0,6,3,6,3,12,0,6,6,0,0,3,3,0,0,0,9,0,3,0,0,6,0,0,6,0,3,3,0,0,3,3,36,0,0,9,12,0,3,3,0,0,9,6,15,9,33,9,21,3,0,3,0,0,0,12,0,9,9,3,21,6,0,3,0,
8383,6,0,12,0,6,30,6,3,21,0,6,3,6,3,12,0,6,6,0,0,3,3,0,0,0,9,0,3,0,0,6,0,0,6,0,3,3,0,0,3,3,36,0,0,9,12,0,3,3,0,0,9,6,15,9,33,9,21,3,0,3,0,0,0,12,0,9,9,3,21,6,0,3,0,
8403,6,0,12,0,6,30,6,3,21,0,6,3,6,3,12,0,6,6,0,0,3,3,0,0,0,9,0,3,0,0,6,0,0,6,0,3,3,0,0,3,3,36,0,0,9,12,0,3,3,0,0,9,6,15,9,33,9,21,3,0,3,0,0,0,12,0,9,9,3,21,6,0,3,0,
8423,6,0,12,0,6,30,6,3,21,0,6,3,6,3,12,0,6,6,0,0,3,3,0,0,0,9,0,3,0,0,6,0,0,6,0,3,3,0,0,3,3,36,0,0,9,12,0,3,3,0,0,9,6,15,9,33,9,21,3,0,3,0,0,0,12,0,9,9,3,21,6,0,3,0,
8443,6,0,12,0,6,30,6,3,21,0,6,3,6,3,12,0,6,6,0,0,3,3,0,0,0,9,0,3,0,0,6,0,0,6,0,3,3,0,0,3,3,36,0,0,9,12,0,3,3,0,0,9,6,15,9,33,9,21,3,0,3,0,0,0,12,0,9,9,3,21,6,0,3,0,
8463,6,0,12,0,6,30,6,3,21,0,6,3,6,3,12,0,6,6,0,0,3,3,0,0,0,9,0,3,0,0,6,0,0,6,0,3,3,0,0,3,3,36,0,0,9,12,0,3,3,0,0,9,6,15,9,33,9,21,3,0,3,0,0,0,12,0,9,9,3,21,6,0,3,0,
8483,6,0,12,0,6,30,6,3,21,0,6,3,6,3,12,0,6,6,0,0,3,3,0,0,0,9,0,3,0,0,6,0,0,6,0,3,3,0,0,3,3,36,0,0,9,12,0,3,3,0,0,9,6,15,9,33,9,21,3,0,3,0,0,0,12,0,9,9,3,21,6,0,3,0,
8503,6,0,12,0,6,30,6,3,21,0,6,3,6,3,12,0,6,6,0,0,3,3,0,0,0,9,0,3,0,0,6,0,0,6,0,3,3,0,0,3,3,36,0,0,9,12,0,3,3,0,0,9,6,15,9,33,9,21,3,0,3,0,0,0,12,0,9,9,3,21,6,0,3,0,
8523,6,0,12,0,6,30,6,3,21,0,6,3,6,3,12,0,6,6,0,0,3,3,0,0,0,9,0,3,0,0,6,0,0,6,0,3,3,0,0,3,3,36,0,0,9,12,0,3,3,0,0,9,6,15,9,33,9,21,3,0,3,0,0,0,12,0,9,9,3,21,6,0,3,0,
8543,6,0,12,0,6,30,6,3,21,0,6,3,6,3,12,0,6,6,0,0,3,3,0,0,0,9,0,3,0,0,6,0,0,6,0,3,3,0,0,3,3,36,0,0,9,12,0,3,3,0,0,9,6,15,9,33,9,21,3,0,3,0,0,0,12,0,9,9,3,21,6,0,3,0,
8563,6,0,12,0,6,30,6,3,21,0,6,3,6,3,12,0,6,6,0,0,3,3,0,0,0,9,0,3,0,0,6,0,0,6,0,3,3,0,0,3,3,36,0,0,9,12,0,3,3,0,0,9,6,15,9,33,9,21,3,0,3,0,0,0,12,0,9,9,3,21,6,0,3,0,
8583,6,0,12,0,6,30,6,3,21,0,6,3,6,3,12,0,6,6,0,0,3,3,0,0,0,9,0,3,0,0,6,0,0,6,0,3,3,0,0,3,3,36,0,0,9,12,0,3,3,0,0,9,6,15,9,33,9,21,3,0,3,0,0,0,12,0,9,9,3,21,6,0,3,0,
8603,6,0,12,0,6,30,6,3,21,0,6,3,6,3,12,0,6,6,0,0,3,3,0,0,0,9,0,3,0,0,6,0,0,6,0,3,3,0,0,3,3,36,0,0,9,12,0,3,3,0,0,9,6,15,9,33,9,21,3,0,3,0,0,0,12,0,9,9,3,21,6,0,3,0,
8623,6,0,12,0,6,30,6,3,21,0,6,3,6,3,12,0,6,6,0,0,3,3,0,0,0,9,0,3,0,0,6,0,0,6,0,3,3,0,0,3,3,36,0,0,9,12,0,3,3,0,0,9,6,15,9,33,9,21,3,0,3,0,0,0,12,0,9,9,3,21,6,0,3,0,
8643,6,0,12,0,6,30,6,3,21,0,6,3,6,3,12,0,6,6,0,0,3,3,0,0,0,9,0,3,0,0,6,0,0,6,0,3,3,0,0,3,3,36,0,0,9,12,0,3,3,0,0,9,6,15,9,33,9,21,3,0,3,0,0,0,12,0,9,9,3,21,6,0,3,0,
8663,6,0,12,0,6,30,6,3,21,0,6,3,6,3,12,0,6,6,0,0,3,3,0,0,0,9,0,3,0,0,6,0,0,6,0,3,3,0,0,3,3,36,0,0,9,12,0,3,3,0,0,9,6,15,9,33,9,21,3,0,3,0,0,0,12,0,9,9,3,21,6,0,3,0,
8683,6,0,12,0,6,30,6,3,21,0,6,3,6,3,12,0,6,6,0,0,3,3,0,0,0,9,0,3,0,0,6,0,0,6,0,3,3,0,0,3,3,36,0,0,9,12,0,3,3,0,0,9,6,15,9,33,9,21,3,0,3,0,0,0,12,0,9,9,3,21,6,0,3,0,
8703,6,0,12,0,6,30,6,3,21,0,6,3,6,3,12,0,6,6,0,0,3,3,0,0,0,9,0,3,0,0,6,0,0,6,0,3,3,0,0,3,3,36,0,0,9,12,0,3,3,0,0,9,6,15,9,33,9,21,3,0,3,0,0,0,12,0,9,9,3,21,6,0,3,0,
8723,6,0,12,0,6,30,6,3,21,0,6,3,6,3,12,0,6,6,0,0,3,3,0,0,0,9,0,3,0,0,6,0,0,6,0,3,3,0,0,3,3,36,0,0,9,12,0,3,3,0,0,9,6,15,9,33,9,21,3,0,3,0,0,0,12,0,9,9,3,21,6,0,3,0,
8743,6,0,12,0,6,30,6,3,21,0,6,3,6,3,12,0,6,6,0,0,3,3,0,0,0,9,0,3,0,0,6,0,0,6,0,3,3,0,0,3,3,36,0,0,9,12,0,3,3,0,0,9,6,15,9,33,9,21,3,0,3,0,0,0,12,0,9,9,3,21,6,0,3,0,
8763,6,0,12,0,6,30,6,3,21,0,6,3,6,3,12,0,6,6,0,0,3,3,0,0,0,9,0,3,0,0,6,0,0,6,0,3,3,0,0,3,3,36,0,0,9,12,0,3,3,0,0,9,6,15,9,33,9,21,3,0,3,0,0,0,12,0,9,9,3,21,6,0,3,0,
8783,6,0,12,0,6,30,6,3,21,0,6,3,6,3,12,0,6,6,0,0,3,3,0,0,0,9,0,3,0,0,6,0,0,6,0,3,3,0,0,3,3,36,0,0,9,12,0,3,3,0,0,9,6,15,9,33,9,21,3,0,3,0,0,0,12,0,9,9,3,21,6,0,3,0,
8803,6,0,12,0,6,30,6,3,21,0,6,3,6,3,12,0,6,6,0,0,3,3,0,0,0,9,0,3,0,0,6,0,0,6,0,3,3,0,0,3,3,36,0,0,9,12,0,3,3,0,0,9,6,15,9,33,9,21,3,0,3,0,0,0,12,0,9,9,3,21,6,0,3,0,
8823,6,0,12,0,6,30,6,3,21,0,6,3,6,3,12,0,6,6,0,0,3,3,0,0,0,9,0,3,0,0,6,0,0,6,0,3,3,0,0,3,3,36,0,0,9,12,0,3,3,0,0,9,6,15,9,33,9,21,3,0,3,0,0,0,12,0,9,9,3,21,6,0,3,0,
8843,6,0,12,0,6,30,6,3,21,0,6,3,6,3,12,0,6,6,0,0,3,3,0,0,0,9,0,3,0,0,6,0,0,6,0,3,3,0,0,3,3,36,0,0,9,12,0,3,3,0,0,9,6,15,9,33,9,21,3,0,3,0,0,0,12,0,9,9,3,21,6,0,3,0,
8863,6,0,12,0,6,30,6,3,21,0,6,3,6,3,12,0,6,6,0,0,3,3,0,0,0,9,0,3,0,0,6,0,0,6,0,3,3,0,0,3,3,36,0,0,9,12,0,3,3,0,0,9,6,15,9,33,9,21,3,0,3,0,0,0,12,0,9,9,3,21,6,0,3,0,
8883,6,0,12,0,6,30,6,3,21,0,6,3,6,3,12,0,6,6,0,0,3,3,0,0,0,9,0,3,0,0,6,0,0,6,0,3,3,0,0,3,3,36,0,0,9,12,0,3,3,0,0,9,6,15,9,33,9,21,3,0,3,0,0,0,12,0,9,9,3,21,6,0,3,0,
8903,6,0,12,0,6,30,6,3,21,0,6,3,6,3,12,0,6,6,0,0,3,3,0,0,0,9,0,3,0,0,6,0,0,6,0,3,3,0,0,3,3,36,0,0,9,12,0,3,3,0,0,9,6,15,9,33,9,21,3,0,3,0,0,0,12,0,9,9,3,21,6,0,3,0,
8923,6,0,12,0,6,30,6,3,21,0,6,3,6,3,12,0,6,6,0,0,3,3,0,0,0,9,0,3,0,0,6,0,0,6,0,3,3,0,0,3,3,36,0,0,9,12,0,3,3,0,0,9,6,15,9,33,9,21,3,0,3,0,0,0,12,0,9,9,3,21,6,0,3,0,
8943,6,0,12,0,6,30,6,3,21,0,6,3,6,3,12,0,6,6,0,0,3,3,0,0,0,9,0,3,0,0,6,0,0,6,0,3,3,0,0,3,3,36,0,0,9,12,0,3,3,0,0,9,6,15,9,33,9,21,3,0,3,0,0,0,12,0,9,9,3,21,6,0,3,0,
8963,6,0,12,0,6,30,6,3,21,0,6,3,6,3,12,0,6,6,0,0,3,3,0,0,0,9,0,3,0,0,6,0,0,6,0,3,3,0,0,3,3,36,0,0,9,12,0,3,3,0,0,9,6,15,9,33,9,21,3,0,3,0,0,0,12,0,9,9,3,21,6,0,3,0,
8983,6,0,12,0,6,30,6,3,21,0,6,3,6,3,12,0,6,6,0,0,3,3,0,0,0,9,0,3,0,0,6,0,0,6,0,3,3,0,0,3,3,36,0,0,9,12,0,3,3,0,0,9,6,15,9,33,9,21,3,0,3,0,0,0,12,0,9,9,3,21,6,0,3,0,
9003,6,0,12,0,6,30,6,3,21,0,6,3,6,3,12,0,6,6,0,0,3,3,0,0,0,9,0,3,0,0,6,0,0,6,0,3,3,0,0,3,3,36,0,0,9,12,0,3,3,0,0,9,6,15,9,33,9,21,3,0,3,0,0,0,12,0,9,9,3,21,6,0,3,0,
9023,6,0,12,0,6,30,6,3,21,0,6,3,6,3,12,0,6,6,0,0,3,3,0,0,0,9,0,3,0,0,6,0,0,6,0,3,3,0,0,3,3,36,0,0,9,12,0,3,3,0,0,9,6,15,9,33,9,21,3,0,3,0,0,0,12,0,9,9,3,21,6,0,3,0,
9043,6,0,12,0,6,30,6,3,21,0,6,3,6,3,12,0,6,6,0,0,3,3,0,0,0,9,0,3,0,0,6,0,0,6,0,3,3,0,0,3,3,36,0,0,9,12,0,3,3,0,0,9,6,15,9,33,9,21,3,0,3,0,0,0,12,0,9,9,3,21,6,0,3,0,
9063,6,0,12,0,6,30,6,3,21,0,6,3,6,3,12,0,6,6,0,0,3,3,0,0,0,9,0,3,0,0,6,0,0,6,0,3,3,0,0,3,3,36,0,0,9,12,0,3,3,0,0,9,6,15,9,33,9,21,3,0,3,0,0,0,12,0,9,9,3,21,6,0,3,0,
9083,6,0,12,0,6,30,6,3,21,0,6,3,6,3,12,0,6,6,0,0,3,3,0,0,0,9,0,3,0,0,6,0,0,6,0,3,3,0,0,3,3,36,0,0,9,12,0,3,3,0,0,9,6,15,9,33,9,21,3,0,3,0,0,0,12,0,9,9,3,21,6,0,3,0,
9103,6,0,12,0,6,30,6,3,21,0,6,3,6,3,12,0,6,6,0,0,3,3,0,0,0,9,0,3,0,0,6,0,0,6,0,3,3,0,0,3,3,36,0,0,9,12,0,3,3,0,0,9,6,15,9,33,9,21,3,0,3,0,0,0,12,0,9,9,3,21,6,0,3,0,
9123,6,0,12,0,6,30,6,3,21,0,6,3,6,3,12,0,6,6,0,0,3,3,0,0,0,9,0,3,0,0,6,0,0,6,0,3,3,0,0,3,3,36,0,0,9,12,0,3,3,0,0,9,6,15,9,33,9,21,3,0,3,0,0,0,12,0,9,9,3,21,6,0,3,0,
9143,6,0,12,0,6,30,6,3,21,0,6,3,6,3,12,0,6,6,0,0,3,3,0,0,0,9,0,3,0,0,6,0,0,6,0,3,3,0,0,3,3,36,0,0,9,12,0,3,3,0,0,9,6,15,9,33,9,21,3,0,3,0,0,0,12,0,9,9,3,21,6,0,3,0,
9163,6,0,12,0,6,30,6,3,21,0,6,3,6,3,12,0,6,6,0,0,3,3,0,0,0,9,0,3,0,0,6,0,0,6,0,3,3,0,0,3,3,36,0,0,9,12,0,3,3,0,0,9,6,15,9,33,9,21,3,0,3,0,0,0,12,0,9,9,3,21,6,0,3,0,
9183,6,0,12,0,6,30,6,3,21,0,6,3,6,3,12,0,6,6,0,0,3,3,0,0,0,9,0,3,0,0,6,0,0,6,0,3,3,0,0,3,3,36,0,0,9,12,0,3,3,0,0,9,6,15,9,33,9,21,3,0,3,0,0,0,12,0,9,9,3,21,6,0,3,0,
9203,6,0,12,0,6,30,6,3,21,0,6,3,6,3,12,0,6,6,0,0,3,3,0,0,0,9,0,3,0,0,6,0,0,6,0,3,3,0,0,3,3,36,0,0,9,12,0,3,3,0,0,9,6,15,9,33,9,21,3,0,3,0,0,0,12,0,9,9,3,21,6,0,3,0,
9223,6,0,12,0,6,30,6,3,21,0,6,3,6,3,12,0,6,6,0,0,3,3,0,0,0,9,0,3,0,0,6,0,0,6,0,3,3,0,0,3,3,36,0,0,9,12,0,3,3,0,0,9,6,15,9,33,9,21,3,0,3,0,0,0,12,0,9,9,3,21,6,0,3,0,
9243,6,0,12,0,6,30,6,3,21,0,6,3,6,3,12,0,6,6,0,0,3,3,0,0,0,9,0,3,0,0,6,0,0,6,0,3,3,0,0,3,3,36,0,0,9,12,0,3,3,0,0,9,6,15,9,33,9,21,3,0,3,0,0,0,12,0,9,9,3,21,6,0,3,0,
9263,6,0,12,0,6,30,6,3,21,0,6,3,6,3,12,0,6,6,0,0,3,3,0,0,0,9,0,3,0,0,6,0,0,6,0,3,3,0,0,3,3,36,0,0,9,12,0,3,3,0,0,9,6,15,9,33,9,21,3,0,3,0,0,0,12,0,9,9,3,21,6,0,3,0,
9283,6,0,12,0,6,30,6,3,21,0,6,3,6,3,12,0,6,6,0,0,3,3,0,0,0,9,0,3,0,0,6,0,0,6,0,3,3,0,0,3,3,36,0,0,9,12,0,3,3,0,0,9,6,15,9,33,9,21,3,0,3,0,0,0,12,0,9,9,3,21,6,0,3,0,
9303,6,0,12,0,6,30,6,3,21,0,6,3,6,3,12,0,6,6,0,0,3,3,0,0,0,9,0,3,0,0,6,0,0,6,0,3,3,0,0,3,3,36,0,0,9,12,0,3,3,0,0,9,6,15,9,33,9,21,3,0,3,0,0,0,12,0,9,9,3,21,6,0,3,0,
9323,6,0,12,0,6,30,6,3,21,0,6,3,6,3,12,0,6,6,0,0,3,3,0,0,0,9,0,3,0,0,6,0,0,6,0,3,3,0,0,3,3,36,0,0,9,12,0,3,3,0,0,9,6,15,9,33,9,21,3,0,3,0,0,0,12,0,9,9,3,21,6,0,3,0,
9343,6,0,12,0,6,30,6,3,21,0,6,3,6,3,12,0,6,6,0,0,3,3,0,0,0,9,0,3,0,0,6,0,0,6,0,3,3,0,0,3,3,36,0,0,9,12,0,3,3,0,0,9,6,15,9,33,9,21,3,0,3,0,0,0,12,0,9,9,3,21,6,0,3,0,
9363,6,0,12,0,6,30,6,3,21,0,6,3,6,3,12,0,6,6,0,0,3,3,0,0,0,9,0,3,0,0,6,0,0,6,0,3,3,0,0,3,3,36,0,0,9,12,0,3,3,0,0,9,6,15,9,33,9,21,3,0,3,0,0,0,12,0,9,9,3,21,6,0,3,0,
9383,6,0,12,0,6,30,6,3,21,0,6,3,6,3,12,0,6,6,0,0,3,3,0,0,0,9,0,3,0,0,6,0,0,6,0,3,3,0,0,3,3,36,0,0,9,12,0,3,3,0,0,9,6,15,9,33,9,21,3,0,3,0,0,0,12,0,9,9,3,21,6,0,3,0,
9403,6,0,12,0,6,30,6,3,21,0,6,3,6,3,12,0,6,6,0,0,3,3,0,0,0,9,0,3,0,0,6,0,0,6,0,3,3,0,0,3,3,36,0,0,9,12,0,3,3,0,0,9,6,15,9,33,9,21,3,0,3,0,0,0,12,0,9,9,3,21,6,0,3,0,
9423,6,0,12,0,6,30,6,3,21,0,6,3,6,3,12,0,6,6,0,0,3,3,0,0,0,9,0,3,0,0,6,0,0,6,0,3,3,0,0,3,3,36,0,0,9,12,0,3,3,0,0,9,6,15,9,33,9,21,3,0,3,0,0,0,12,0,9,9,3,21,6,0,3,0,
9443,6,0,12,0,6,30,6,3,21,0,6,3,6,3,12,0,6,6,0,0,3,3,0,0,0,9,0,3,0,0,6,0,0,6,0,3,3,0,0,3,3,36,0,0,9,12,0,3,3,0,0,9,6,15,9,33,9,21,3,0,3,0,0,0,12,0,9,9,3,21,6,0,3,0,
9463,6,0,12,0,6,30,6,3,21,0,6,3,6,3,12,0,6,6,0,0,3,3,0,0,0,9,0,3,0,0,6,0,0,6,0,3,3,0,0,3,3,36,0,0,9,12,0,3,3,0,0,9,6,15,9,33,9,21,3,0,3,0,0,0,12,0,9,9,3,21,6,0,3,0,
9483,6,0,12,0,6,30,6,3,21,0,6,3,6,3,12,0,6,6,0,0,3,3,0,0,0,9,0,3,0,0,6,0,0,6,0,3,3,0,0,3,3,36,0,0,9,12,0,3,3,0,0,9,6,15,9,33,9,21,3,0,3,0,0,0,12,0,9,9,3,21,6,0,3,0,
9503,6,0,12,0,6,30,6,3,21,0,6,3,6,3,12,0,6,6,0,0,3,3,0,0,0,9,0,3,0,0,6,0,0,6,0,3,3,0,0,3,3,36,0,0,9,12,0,3,3,0,0,9,6,15,9,33,9,21,3,0,3,0,0,0,12,0,9,9,3,21,6,0,3,0,
9523,6,0,12,0,6,30,6,3,21,0,6,3,6,3,12,0,6,6,0,0,3,3,0,0,0,9,0,3,0,0,6,0,0,6,0,3,3,0,0,3,3,36,0,0,9,12,0,3,3,0,0,9,6,15,9,33,9,21,3,0,3,0,0,0,12,0,9,9,3,21,6,0,3,0,
9543,6,0,12,0,6,30,6,3,21,0,6,3,6,3,12,0,6,6,0,0,3,3,0,0,0,9,0,3,0,0,6,0,0,6,0,3,3,0,0,3,3,36,0,0,9,12,0,3,3,0,0,9,6,15,9,33,9,21,3,0,3,0,0,0,12,0,9,9,3,21,6,0,3,0,
9563,6,0,12,0,6,30,6,3,21,0,6,3,6,3,12,0,6,6,0,0,3,3,0,0,0,9,0,3,0,0,6,0,0,6,0,3,3,0,0,3,3,36,0,0,9,12,0,3,3,0,0,9,6,15,9,33,9,21,3,0,3,0,0,0,12,0,9,9,3,21,6,0,3,0,
9583,6,0,12,0,6,30,6,3,21,0,6,3,6,3,12,0,6,6,0,0,3,3,0,0,0,9,0,3,0,0,6,0,0,6,0,3,3,0,0,3,3,36,0,0,9,12,0,3,3,0,0,9,6,15,9,33,9,21,3,0,3,0,0,0,12,0,9,9,3,21,6,0,3,0,
9603,6,0,12,0,6,30,6,3,21,0,6,3,6,3,12,0,6,6,0,0,3,3,0,0,0,9,0,3,0,0,6,0,0,6,0,3,3,0,0,3,3,36,0,0,9,12,0,3,3,0,0,9,6,15,9,33,9,21,3,0,3,0,0,0,12,0,9,9,3,21,6,0,3,0,
9623,6,0,12,0,6,30,6,3,21,0,6,3,6,3,12,0,6,6,0,0,3,3,0,0,0,9,0,3,0,0,6,0,0,6,0,3,3,0,0,3,3,36,0,0,9,12,0,3,3,0,0,9,6,15,9,33,9,21,3,0,3,0,0,0,12,0,9,9,3,21,6,0,3,0,
9643,6,0,12,0,6,30,6,3,21,0,6,3,6,3,12,0,6,6,0,0,3,3,0,0,0,9,0,3,0,0,6,0,0,6,0,3,3,0,0,3,3,36,0,0,9,12,0,3,3,0,0,9,6,15,9,33,9,21,3,0,3,0,0,0,12,0,9,9,3,21,6,0,3,0,
9663,6,0,12,0,6,30,6,3,21,0,6,3,6,3,12,0,6,6,0,0,3,3,0,0,0,9,0,3,0,0,6,0,0,6,0,3,3,0,0,3,3,36,0,0,9,12,0,3,3,0,0,9,6,15,9,33,9,21,3,0,3,0,0,0,12,0,9,9,3,21,6,0,3,0,
9683,6,0,12,0,6,30,6,3,21,0,6,3,6,3,12,0,6,6,0,0,3,3,0,0,0,9,0,3,0,0,6,0,0,6,0,3,3,0,0,3,3,36,0,0,9,12,0,3,3,0,0,9,6,15,9,33,9,21,3,0,3,0,0,0,12,0,9,9,3,21,6,0,3,0,
9703,6,0,12,0,6,30,6,3,21,0,6,3,6,3,12,0,6,6,0,0,3,3,0,0,0,9,0,3,0,0,6,0,0,6,0,3,3,0,0,3,3,36,0,0,9,12,0,3,3,0,0,9,6,15,9,33,9,21,3,0,3,0,0,0,12,0,9,9,3,21,6,0,3,0,
9723,6,0,12,0,6,30,6,3,21,0,6,3,6,3,12,0,6,6,0,0,3,3,0,0,0,9,0,3,0,0,6,0,0,6,0,3,3,0,0,3,3,36,0,0,9,12,0,3,3,0,0,9,6,15,9,33,9,21,3,0,3,0,0,0,12,0,9,9,3,21,6,0,3,0,
9743,6,0,12,0,6,30,6,3,21,0,6,3,6,3,12,0,6,6,0,0,3,3,0,0,0,9,0,3,0,0,6,0,0,6,0,3,3,0,0,3,3,36,0,0,9,12,0,3,3,0,0,9,6,15,9,33,9,21,3,0,3,0,0,0,12,0,9,9,3,21,6,0,3,0,
9763,6,0,12,0,6,30,6,3,21,0,6,3,6,3,12,0,6,6,0,0,3,3,0,0,0,9,0,3,0,0,6,0,0,6,0,3,3,0,0,3,3,36,0,0,9,12,0,3,3,0,0,9,6,15,9,33,9,21,3,0,3,0,0,0,12,0,9,9,3,21,6,0,3,0,
9783,6,0,12,0,6,30,6,3,21,0,6,3,6,3,12,0,6,6,0,0,3,3,0,0,0,9,0,3,0,0,6,0,0,6,0,3,3,0,0,3,3,36,0,0,9,12,0,3,3,0,0,9,6,15,9,33,9,21,3,0,3,0,0,0,12,0,9,9,3,21,6,0,3,0,
9803,6,0,12,0,6,30,6,3,21,0,6,3,6,3,12,0,6,6,0,0,3,3,0,0,0,9,0,3,0,0,6,0,0,6,0,3,3,0,0,3,3,36,0,0,9,12,0,3,3,0,0,9,6,15,9,33,9,21,3,0,3,0,0,0,12,0,9,9,3,21,6,0,3,0,
9823,6,0,12,0,6,30,6,3,21,0,6,3,6,3,12,0,6,6,0,0,3,3,0,0,0,9,0,3,0,0,6,0,0,6,0,3,3,0,0,3,3,36,0,0,9,12,0,3,3,0,0,9,6,15,9,33,9,21,3,0,3,0,0,0,12,0,9,9,3,21,6,0,3,0,
9843,6,0,12,0,6,30,6,3,21,0,6,3,6,3,12,0,6,6,0,0,3,3,0,0,0,9,0,3,0,0,6,0,0,6,0,3,3,0,0,3,3,36,0,0,9,12,0,3,3,0,0,9,6,15,9,33,9,21,3,0,3,0,0,0,12,0,9,9,3,21,6,0,3,0,
9863,6,0,12,0,6,30,6,3,21,0,6,3,6,3,12,0,6,6,0,0,3,3,0,0,0,9,0,3,0,0,6,0,0,6,0,3,3,0,0,3,3,36,0,0,9,12,0,3,3,0,0,9,6,15,9,33,9,21,3,0,3,0,0,0,12,0,9,9,3,21,6,0,3,0,
9883,6,0,12,0,6,30,6,3,21,0,6,3,6,3,12,0,6,6,0,0,3,3,0,0,0,9,0,3,0,0,6,0,0,6,0,3,3,0,0,3,3,36,0,0,9,12,0,3,3,0,0,9,6,15,9,33,9,21,3,0,3,0,0,0,12,0,9,9,3,21,6,0,3,0,
9903,6,0,12,0,6,30,6,3,21,0,6,3,6,3,12,0,6,6,0,0,3,3,0,0,0,9,0,3,0,0,6,0,0,6,0,3,3,0,0,3,3,36,0,0,9,12,0,3,3,0,0,9,6,15,9,33,9,21,3,0,3,0,0,0,12,0,9,9,3,21,6,0,3,0,
9923,6,0,12,0,6,30,6,3,21,0,6,3,6,3,12,0,6,6,0,0,3,3,0,0,0,9,0,3,0,0,6,0,0,6,0,3,3,0,0,3,3,36,0,0,9,12,0,3,3,0,0,9,6,15,9,33,9,21,3,0,3,0,0,0,12,0,9,9,3,21,6,0,3,0,
9943,6,0,12,0,6,30,6,3,21,0,6,3,6,3,12,0,6,6,0,0,3,3,0,0,0,9,0,3,0,0,6,0,0,6,0,3,3,0,0,3,3,36,0,0,9,12,0,3,3,0,0,9,6,15,9,33,9,21,3,0,3,0,0,0,12,0,9,9,3,21,6,0,3,0,
9963,6,0,12,0,6,30,6,3,21,0,6,3,6,3,12,0,6,6,0,0,3,3,0,0,0,9,0,3,0,0,6,0,0,6,0,3,3,0,0,3,3,36,0,0,9,12,0,3,3,0,0,9,6,15,9,33,9,21,3,0,3,0,0,0,12,0,9,9,3,21,6,0,3,0,
9983,6,0,12,0,6,30,6,3,21,0,6,3,6,3,12,0,6,6,0,0,3,3,0,0,0,9,0,3,0,0,6,0,0,6,0,3,3,0,0,3,3,36,0,0,9,12,0,3,3,0,0,9,6,15,9,33,9,21,3,0,3,0,0,0,12,0,9,9,3,21,6,0,3,0,
10003,6,0,12,0,6,30,6,3,21,0,6,3,6,3,12,0,6,6,0,0,3,3,0,0,0,9,0,3,0,0,6,0,0,6,0,3,3,0,0,3,3,36,0,0,9,12,0,3,3,0,0,9,6,15,9,33,9,21,3,0,3,0,0,0,12,0,9,9,3,21,6,0,3,0,
10023,6,0,12,0,6,30,6,3,21,0,6,3,6,3,12,0,6,6,0,0,3,3,0,0,0,9,0,3,0,0,6,0,0,6,0,3,3,0,0,3,3,36,0,0,9,12,0,3,3,0,0,9,6,15,9,33,9,21,3,0,3,0,0,0,12,0,9,9,3,21,6,0,3,0,
10043,6,0,12,0,6,30,6,3,21,0,6,3,6,3,12,0,6,6,0,0,3,3,0,0,0,9,0,3,0,0,6,0,0,6,0,3,3,0,0,3,3,36,0,0,9,12,0,3,3,0,0,9,6,15,9,33,9,21,3,0,3,0,0,0,12,0,9,9,3,21,6,0,3,0,
10063,6,0,12,0,6,30,6,3,21,0,6,3,6,3,12,0,6,6,0,0,3,3,0,0,0,9,0,3,0,0,6,0,0,6,0,3,3,0,0,3,3,36,0,0,9,12,0,3,3,0,0,9,6,15,9,33,9,21,3,0,3,0,0,0,12,0,9,9,3,21,6,0,3,0,
10083,6,0,12,0,6,30,6,3,21,0,6,3,6,3,12,0,6,6,0,0,3,3,0,0,0,9,0,3,0,0,6,0,0,6,0,3,3,0,0,3,3,36,0,0,9,12,0,3,3,0,0,9,6,15,9,33,9,21,3,0,3,0,0,0,12,0,9,9,3,21,6,0,3,0,
10103,6,0,12,0,6,30,6,3,21,0,6,3,6,3,12,0,6,6,0,0,3,3,0,0,0,9,0,3,0,0,6,0,0,6,0,3,3,0,0,3,3,36,0,0,9,12,0,3,3,0,0,9,6,15,9,33,9,21,3,0,3,0,0,0,12,0,9,9,3,21,6,0,3,0,
10123,6,0,12,0,6,30,6,3,21,0,6,3,6,3,12,0,6,6,0,0,3,3,0,0,0,9,0,3,0,0,6,0,0,6,0,3,3,0,0,3,3,36,0,0,9,12,0,3,3,0,0,9,6,15,9,33,9,21,3,0,3,0,0,0,12,0,9,9,3,21,6,0,3,0,
10143,6,0,12,0,6,30,6,3,21,0,6,3,6,3,12,0,6,6,0,0,3,3,0,0,0,9,0,3,0,0,6,0,0,6,0,3,3,0,0,3,3,36,0,0,9,12,0,3,3,0,0,9,6,15,9,33,9,21,3,0,3,0,0,0,12,0,9,9,3,21,6,0,3,0,
10163,6,0,12,0,6,30,6,3,21,0,6,3,6,3,12,0,6,6,0,0,3,3,0,0,0,9,0,3,0,0,6,0,0,6,0,3,3,0,0,3,3,36,0,0,9,12,0,3,3,0,0,9,6,15,9,33,9,21,3,0,3,0,0,0,12,0,9,9,3,21,6,0,3,0,
10183,6,0,12,0,6,30,6,3,21,0,6,3,6,3,12,0,6,6,0,0,3,3,0,0,0,9,0,3,0,0,6,0,0,6,0,3,3,0,0,3,3,36,0,0,9,12,0,3,3,0,0,9,6,15,9,33,9,21,3,0,3,0,0,0,12,0,9,9,3,21,6,0,3,0,
10203,6,0,12,0,6,30,6,3,21,0,6,3,6,3,12,0,6,6,0,0,3,3,0,0,0,9,0,3,0,0,6,0,0,6,0,3,3,0,0,3,3,36,0,0,9,12,0,3,3,0,0,9,6,15,9,33,9,21,3,0,3,0,0,0,12,0,9,9,3,21,6,0,3,0,
10223,6,0,12,0,6,30,6,3,21,0,6,3,6,3,12,0,6,6,0,0,3,3,0,0,0,9,0,3,0,0,6,0,0,6,0,3,3,0,0,3,3,36,0,0,9,12,0,3,3,0,0,9,6,15,9,33,9,21,3,0,3,0,0,0,12,0,9,9,3,21,6,0,3,0,
10243,6,0,12,0,6,30,6,3,21,0,6,3,6,3,12,0,6,6,0,0,3,3,0,0,0,9,0,3,0,0,6,0,0,6,0,3,3,0,0,3,3,36,0,0,9,12,0,3,3,0,0,9,6,15,9,33,9,21,3,0,3,0,0,0,12,0,9,9,3,21,6,0,3,0,
10263,6,0,12,0,6,30,6,3,21,0,6,3,6,3,12,0,6,6,0,0,3,3,0,0,0,9,0,3,0,0,6,0,0,6,0,3,3,0,0,3,3,36,0,0,9,12,0,3,3,0,0,9,6,15,9,33,9,21,3,0,3,0,0,0,12,0,9,9,3,21,6,0,3,0,
10283,6,0,12,0,6,30,6,3,21,0,6,3,6,3,12,0,6,6,0,0,3,3,0,0,0,9,0,3,0,0,6,0,0,6,0,3,3,0,0,3,3,36,0,0,9,12,0,3,3,0,0,9,6,15,9,33,9,21,3,0,3,0,0,0,12,0,9,9,3,21,6,0,3,0,
10303,6,0,12,0,6,30,6,3,21,0,6,3,6,3,12,0,6,6,0,0,3,3,0,0,0,9,0,3,0,0,6,0,0,6,0,3,3,0,0,3,3,36,0,0,9,12,0,3,3,0,0,9,6,15,9,33,9,21,3,0,3,0,0,0,12,0,9,9,3,21,6,0,3,0,
10323,6,0,12,0,6,30,6,3,21,0,6,3,6,3,12,0,6,6,0,0,3,3,0,0,0,9,0,3,0,0,6,0,0,6,0,3,3,0,0,3,3,36,0,0,9,12,0,3,3,0,0,9,6,15,9,33,9,21,3,0,3,0,0,0,12,0,9,9,3,21,6,0,3,0,
10343,6,0,12,0,6,30,6,3,21,0,6,3,6,3,12,0,6,6,0,0,3,3,0,0,0,9,0,3,0,0,6,0,0,6,0,3,3,0,0,3,3,36,0,0,9,12,0,3,3,0,0,9,6,15,9,33,9,21,3,0,3,0,0,0,12,0,9,9,3,21,6,0,3,0,
10363,6,0,12,0,6,30,6,3,21,0,6,3,6,3,12,0,6,6,0,0,3,3,0,0,0,9,0,3,0,0,6,0,0,6,0,3,3,0,0,3,3,36,0,0,9,12,0,3,3,0,0,9,6,15,9,33,9,21,3,0,3,0,0,0,12,0,9,9,3,21,6,0,3,0,
10383,6,0,12,0,6,30,6,3,21,0,6,3,6,3,12,0,6,6,0,0,3,3,0,0,0,9,0,3,0,0,6,0,0,6,0,3,3,0,0,3,3,36,0,0,9,12,0,3,3,0,0,9,6,15,9,33,9,21,3,0,3,0,0,0,12,0,9,9,3,21,6,0,3,0,
10403,6,0,12,0,6,30,6,3,21,0,6,3,6,3,12,0,6,6,0,0,3,3,0,0,0,9,0,3,0,0,6,0,0,6,0,3,3,0,0,3,3,36,0,0,9,12,0,3,3,0,0,9,6,15,9,33,9,21,3,0,3,0,0,0,12,0,9,9,3,21,6,0,3,0,
10423,6,0,12,0,6,30,6,3,21,0,6,3,6,3,12,0,6,6,0,0,3,3,0,0,0,9,0,3,0,0,6,0,0,6,0,3,3,0,0,3,3,36,0,0,9,12,0,3,3,0,0,9,6,15,9,33,9,21,3,0,3,0,0,0,12,0,9,9,3,21,6,0,3,0,
10443,6,0,12,0,6,30,6,3,21,0,6,3,6,3,12,0,6,6,0,0,3,3,0,0,0,9,0,3,0,0,6,0,0,6,0,3,3,0,0,3,3,36,0,0,9,12,0,3,3,0,0,9,6,15,9,33,9,21,3,0,3,0,0,0,12,0,9,9,3,21,6,0,3,0,
10463,6,0,12,0,6,30,6,3,21,0,6,3,6,3,12,0,6,6,0,0,3,3,0,0,0,9,0,3,0,0,6,0,0,6,0,3,3,0,0,3,3,36,0,0,9,12,0,3,3,0,0,9,6,15,9,33,9,21,3,0,3,0,0,0,12,0,9,9,3,21,6,0,3,0,
10483,6,0,12,0,6,30,6,3,21,0,6,3,6,3,12,0,6,6,0,0,3,3,0,0,0,9,0,3,0,0,6,0,0,6,0,3,3,0,0,3,3,36,0,0,9,12,0,3,3,0,0,9,6,15,9,33,9,21,3,0,3,0,0,0,12,0,9,9,3,21,6,0,3,0,
10503,6,0,12,0,6,30,6,3,21,0,6,3,6,3,12,0,6,6,0,0,3,3,0,0,0,9,0,3,0,0,6,0,0,6,0,3,3,0,0,3,3,36,0,0,9,12,0,3,3,0,0,9,6,15,9,33,9,21,3,0,3,0,0,0,12,0,9,9,3,21,6,0,3,0,
10523,6,0,12,0,6,30,6,3,21,0,6,3,6,3,12,0,6,6,0,0,3,3,0,0,0,9,0,3,0,0,6,0,0,6,0,3,3,0,0,3,3,36,0,0,9,12,0,3,3,0,0,9,6,15,9,33,9,21,3,0,3,0,0,0,12,0,9,9,3,21,6,0,3,0,
10543,6,0,12,0,6,30,6,3,21,0,6,3,6,3,12,0,6,6,0,0,3,3,0,0,0,9,0,3,0,0,6,0,0,6,0,3,3,0,0,3,3,36,0,0,9,12,0,3,3,0,0,9,6,15,9,33,9,21,3,0,3,0,0,0,12,0,9,9,3,21,6,0,3,0,
10563,6,0,12,0,6,30,6,3,21,0,6,3,6,3,12,0,6,6,0,0,3,3,0,0,0,9,0,3,0,0,6,0,0,6,0,3,3,0,0,3,3,36,0,0,9,12,0,3,3,0,0,9,6,15,9,33,9,21,3,0,3,0,0,0,12,0,9,9,3,21,6,0,3,0,
10583,6,0,12,0,6,30,6,3,21,0,6,3,6,3,12,0,6,6,0,0,3,3,0,0,0,9,0,3,0,0,6,0,0,6,0,3,3,0,0,3,3,36,0,0,9,12,0,3,3,0,0,9,6,15,9,33,9,21,3,0,3,0,0,0,12,0,9,9,3,21,6,0,3,0,
10603,6,0,12,0,6,30,6,3,21,0,6,3,6,3,12,0,6,6,0,0,3,3,0,0,0,9,0,3,0,0,6,0,0,6,0,3,3,0,0,3,3,36,0,0,9,12,0,3,3,0,0,9,6,15,9,33,9,21,3,0,3,0,0,0,12,0,9,9,3,21,6,0,3,0,
10623,6,0,12,0,6,30,6,3,21,0,6,3,6,3,12,0,6,6,0,0,3,3,0,0,0,9,0,3,0,0,6,0,0,6,0,3,3,0,0,3,3,36,0,0,9,12,0,3,3,0,0,9,6,15,9,33,9,21,3,0,3,0,0,0,12,0,9,9,3,21,6,0,3,0,
10643,6,0,12,0,6,30,6,3,21,0,6,3,6,3,12,0,6,6,0,0,3,3,0,0,0,9,0,3,0,0,6,0,0,6,0,3,3,0,0,3,3,36,0,0,9,12,0,3,3,0,0,9,6,15,9,33,9,21,3,0,3,0,0,0,12,0,9,9,3,21,6,0,3,0,
10663,6,0,12,0,6,30,6,3,21,0,6,3,6,3,12,0,6,6,0,0,3,3,0,0,0,9,0,3,0,0,6,0,0,6,0,3,3,0,0,3,3,36,0,0,9,12,0,3,3,0,0,9,6,15,9,33,9,21,3,0,3,0,0,0,12,0,9,9,3,21,6,0,3,0,
10683,6,0,12,0,6,30,6,3,21,0,6,3,6,3,12,0,6,6,0,0,3,3,0,0,0,9,0,3,0,0,6,0,0,6,0,3,3,0,0,3,3,36,0,0,9,12,0,3,3,0,0,9,6,15,9,33,9,21,3,0,3,0,0,0,12,0,9,9,3,21,6,0,3,0,
10703,6,0,12,0,6,30,6,3,21,0,6,3,6,3,12,0,6,6,0,0,3,3,0,0,0,9,0,3,0,0,6,0,0,6,0,3,3,0,0,3,3,36,0,0,9,12,0,3,3,0,0,9,6,15,9,33,9,21,3,0,3,0,0,0,12,0,9,9,3,21,6,0,3,0,
10723,6,0,12,0,6,30,6,3,21,0,6,3,6,3,12,0,6,6,0,0,3,3,0,0,0,9,0,3,0,0,6,0,0,6,0,3,3,0,0,3,3,36,0,0,9,12,0,3,3,0,0,9,6,15,9,33,9,21,3,0,3,0,0,0,12,0,9,9,3,21,6,0,3,0,
10743,6,0,12,0,6,30,6,3,21,0,6,3,6,3,12,0,6,6,0,0,3,3,0,0,0,9,0,3,0,0,6,0,0,6,0,3,3,0,0,3,3,36,0,0,9,12,0,3,3,0,0,9,6,15,9,33,9,21,3,0,3,0,0,0,12,0,9,9,3,21,6,0,3,0,
10763,6,0,12,0,6,30,6,3,21,0,6,3,6,3,12,0,6,6,0,0,3,3,0,0,0,9,0,3,0,0,6,0,0,6,0,3,3,0,0,3,3,36,0,0,9,12,0,3,3,0,0,9,6,15,9,33,9,21,3,0,3,0,0,0,12,0,9,9,3,21,6,0,3,0,
10783,6,0,12,0,6,30,6,3,21,0,6,3,6,3,12,0,6,6,0,0,3,3,0,0,0,9,0,3,0,0,6,0,0,6,0,3,3,0,0,3,3,36,0,0,9,12,0,3,3,0,0,9,6,15,9,33,9,21,3,0,3,0,0,0,12,0,9,9,3,21,6,0,3,0,
10803,6,0,12,0,6,30,6,3,21,0,6,3,6,3,12,0,6,6,0,0,3,3,0,0,0,9,0,3,0,0,6,0,0,6,0,3,3,0,0,3,3,36,0,0,9,12,0,3,3,0,0,9,6,15,9,33,9,21,3,0,3,0,0,0,12,0,9,9,3,21,6,0,3,0,
10823,6,0,12,0,6,30,6,3,21,0,6,3,6,3,12,0,6,6,0,0,3,3,0,0,0,9,0,3,0,0,6,0,0,6,0,3,3,0,0,3,3,36,0,0,9,12,0,3,3,0,0,9,6,15,9,33,9,21,3,0,3,0,0,0,12,0,9,9,3,21,6,0,3,0,
10843,6,0,12,0,6,30,6,3,21,0,6,3,6,3,12,0,6,6,0,0,3,3,0,0,0,9,0,3,0,0,6,0,0,6,0,3,3,0,0,3,3,36,0,0,9,12,0,3,3,0,0,9,6,15,9,33,9,21,3,0,3,0,0,0,12,0,9,9,3,21,6,0,3,0,
10863,6,0,12,0,6,30,6,3,21,0,6,3,6,3,12,0,6,6,0,0,3,3,0,0,0,9,0,3,0,0,6,0,0,6,0,3,3,0,0,3,3,36,0,0,9,12,0,3,3,0,0,9,6,15,9,33,9,21,3,0,3,0,0,0,12,0,9,9,3,21,6,0,3,0,
10883,6,0,12,0,6,30,6,3,21,0,6,3,6,3,12,0,6,6,0,0,3,3,0,0,0,9,0,3,0,0,6,0,0,6,0,3,3,0,0,3,3,36,0,0,9,12,0,3,3,0,0,9,6,15,9,33,9,21,3,0,3,0,0,0,12,0,9,9,3,21,6,0,3,0,
10903,6,0,12,0,6,30,6,3,21,0,6,3,6,3,12,0,6,6,0,0,3,3,0,0,0,9,0,3,0,0,6,0,0,6,0,3,3,0,0,3,3,36,0,0,9,12,0,3,3,0,0,9,6,15,9,33,9,21,3,0,3,0,0,0,12,0,9,9,3,21,6,0,3,0,
10923,6,0,12,0,6,30,6,3,21,0,6,3,6,3,12,0,6,6,0,0,3,3,0,0,0,9,0,3,0,0,6,0,0,6,0,3,3,0,0,3,3,36,0,0,9,12,0,3,3,0,0,9,6,15,9,33,9,21,3,0,3,0,0,0,12,0,9,9,3,21,6,0,3,0,
10943,6,0,12,0,6,30,6,3,21,0,6,3,6,3,12,0,6,6,0,0,3,3,0,0,0,9,0,3,0,0,6,0,0,6,0,3,3,0,0,3,3,36,0,0,9,12,0,3,3,0,0,9,6,15,9,33,9,21,3,0,3,0,0,0,12,0,9,9,3,21,6,0,3,0,
10963,6,0,12,0,6,30,6,3,21,0,6,3,6,3,12,0,6,6,0,0,3,3,0,0,0,9,0,3,0,0,6,0,0,6,0,3,3,0,0,3,3,36,0,0,9,12,0,3,3,0,0,9,6,15,9,33,9,21,3,0,3,0,0,0,12,0,9,9,3,21,6,0,3,0,
10983,6,0,12,0,6,30,6,3,21,0,6,3,6,3,12,0,6,6,0,0,3,3,0,0,0,9,0,3,0,0,6,0,0,6,0,3,3,0,0,3,3,36,0,0,9,12,0,3,3,0,0,9,6,15,9,33,9,21,3,0,3,0,0,0,12,0,9,9,3,21,6,0,3,0,
11003,6,0,12,0,6,30,6,3,21,0,6,3,6,3,12,0,6,6,0,0,3,3,0,0,0,9,0,3,0,0,6,0,0,6,0,3,3,0,0,3,3,36,0,0,9,12,0,3,3,0,0,9,6,15,9,33,9,21,3,0,3,0,0,0,12,0,9,9,3,21,6,0,3,0,
11023,6,0,12,0,6,30,6,3,21,0,6,3,6,3,12,0,6,6,0,0,3,3,0,0,0,9,0,3,0,0,6,0,0,6,0,3,3,0,0,3,3,36,0,0,9,12,0,3,3,0,0,9,6,15,9,33,9,21,3,0,3,0,0,0,12,0,9,9,3,21,6,0,3,0,
11043,6,0,12,0,6,30,6,3,21,0,6,3,6,3,12,0,6,6,0,0,3,3,0,0,0,9,0,3,0,0,6,0,0,6,0,3,3,0,0,3,3,36,0,0,9,12,0,3,3,0,0,9,6,15,9,33,9,21,3,0,3,0,0,0,12,0,9,9,3,21,6,0,3,0,
11063,6,0,12,0,6,30,6,3,21,0,6,3,6,3,12,0,6,6,0,0,3,3,0,0,0,9,0,3,0,0,6,0,0,6,0,3,3,0,0,3,3,36,0,0,9,12,0,3,3,0,0,9,6,15,9,33,9,21,3,0,3,0,0,0,12,0,9,9,3,21,6,0,3,0,
11083,6,0,12,0,6,30,6,3,21,0,6,3,6,3,12,0,6,6,0,0,3,3,0,0,0,9,0,3,0,0,6,0,0,6,0,3,3,0,0,3,3,36,0,0,9,12,0,3,3,0,0,9,6,15,9,33,9,21,3,0,3,0,0,0,12,0,9,9,3,21,6,0,3,0,
11103,6,0,12,0,6,30,6,3,21,0,6,3,6,3,12,0,6,6,0,0,3,3,0,0,0,9,0,3,0,0,6,0,0,6,0,3,3,0,0,3,3,36,0,0,9,12,0,3,3,0,0,9,6,15,9,33,9,21,3,0,3,0,0,0,12,0,9,9,3,21,6,0,3,0,
11123,6,0,12,0,6,30,6,3,21,0,6,3,6,3,12,0,6,6,0,0,3,3,0,0,0,9,0,3,0,0,6,0,0,6,0,3,3,0,0,3,3,36,0,0,9,12,0,3,3,0,0,9,6,15,9,33,9,21,3,0,3,0,0,0,12,0,9,9,3,21,6,0,3,0,
11143,6,0,12,0,6,30,6,3,21,0,6,3,6,3,12,0,6,6,0,0,3,3,0,0,0,9,0,3,0,0,6,0,0,6,0,3,3,0,0,3,3,36,0,0,9,12,0,3,3,0,0,9,6,15,9,33,9,21,3,0,3,0,0,0,12,0,9,9,3,21,6,0,3,0,
11163,6,0,12,0,6,30,6,3,21,0,6,3,6,3,12,0,6,6,0,0,3,3,0,0,0,9,0,3,0,0,6,0,0,6,0,3,3,0,0,3,3,36,0,0,9,12,0,3,3,0,0,9,6,15,9,33,9,21,3,0,3,0,0,0,12,0,9,9,3,21,6,0,3,0,
11183,6,0,12,0,6,30,6,3,21,0,6,3,6,3,12,0,6,6,0,0,3,3,0,0,0,9,0,3,0,0,6,0,0,6,0,3,3,0,0,3,3,36,0,0,9,12,0,3,3,0,0,9,6,15,9,33,9,21,3,0,3,0,0,0,12,0,9,9,3,21,6,0,3,0,
11203,6,0,12,0,6,30,6,3,21,0,6,3,6,3,12,0,6,6,0,0,3,3,0,0,0,9,0,3,0,0,6,0,0,6,0,3,3,0,0,3,3,36,0,0,9,12,0,3,3,0,0,9,6,15,9,33,9,21,3,0,3,0,0,0,12,0,9,9,3,21,6,0,3,0,
11223,6,0,12,0,6,30,6,3,21,0,6,3,6,3,12,0,6,6,0,0,3,3,0,0,0,9,0,3,0,0,6,0,0,6,0,3,3,0,0,3,3,36,0,0,9,12,0,3,3,0,0,9,6,15,9,33,9,21,3,0,3,0,0,0,12,0,9,9,3,21,6,0,3,0,
11243,6,0,12,0,6,30,6,3,21,0,6,3,6,3,12,0,6,6,0,0,3,3,0,0,0,9,0,3,0,0,6,0,0,6,0,3,3,0,0,3,3,36,0,0,9,12,0,3,3,0,0,9,6,15,9,33,9,21,3,0,3,0,0,0,12,0,9,9,3,21,6,0,3,0,
11263,6,0,12,0,6,30,6,3,21,0,6,3,6,3,12,0,6,6,0,0,3,3,0,0,0,9,0,3,0,0,6,0,0,6,0,3,3,0,0,3,3,36,0,0,9,12,0,3,3,0,0,9,6,15,9,33,9,21,3,0,3,0,0,0,12,0,9,9,3,21,6,0,3,0,
11283,6,0,12,0,6,30,6,3,21,0,6,3,6,3,12,0,6,6,0,0,3,3,0,0,0,9,0,3,0,0,6,0,0,6,0,3,3,0,0,3,3,36,0,0,9,12,0,3,3,0,0,9,6,15,9,33,9,21,3,0,3,0,0,0,12,0,9,9,3,21,6,0,3,0,
11303,6,0,12,0,6,30,6,3,21,0,6,3,6,3,12,0,6,6,0,0,3,3,0,0,0,9,0,3,0,0,6,0,0,6,0,3,3,0,0,3,3,36,0,0,9,12,0,3,3,0,0,9,6,15,9,33,9,21,3,0,3,0,0,0,12,0,9,9,3,21,6,0,3,0,
11323,6,0,12,0,6,30,6,3,21,0,6,3,6,3,12,0,6,6,0,0,3,3,0,0,0,9,0,3,0,0,6,0,0,6,0,3,3,0,0,3,3,36,0,0,9,12,0,3,3,0,0,9,6,15,9,33,9,21,3,0,3,0,0,0,12,0,9,9,3,21,6,0,3,0,
11343,6,0,12,0,6,30,6,3,21,0,6,3,6,3,12,0,6,6,0,0,3,3,0,0,0,9,0,3,0,0,6,0,0,6,0,3,3,0,0,3,3,36,0,0,9,12,0,3,3,0,0,9,6,15,9,33,9,21,3,0,3,0,0,0,12,0,9,9,3,21,6,0,3,0,
11363,6,0,12,0,6,30,6,3,21,0,6,3,6,3,12,0,6,6,0,0,3,3,0,0,0,9,0,3,0,0,6,0,0,6,0,3,3,0,0,3,3,36,0,0,9,12,0,3,3,0,0,9,6,15,9,33,9,21,3,0,3,0,0,0,12,0,9,9,3,21,6,0,3,0,
11383,6,0,12,0,6,30,6,3,21,0,6,3,6,3,12,0,6,6,0,0,3,3,0,0,0,9,0,3,0,0,6,0,0,6,0,3,3,0,0,3,3,36,0,0,9,12,0,3,3,0,0,9,6,15,9,33,9,21,3,0,3,0,0,0,12,0,9,9,3,21,6,0,3,0,
11403,6,0,12,0,6,30,6,3,21,0,6,3,6,3,12,0,6,6,0,0,3,3,0,0,0,9,0,3,0,0,6,0,0,6,0,3,3,0,0,3,3,36,0,0,9,12,0,3,3,0,0,9,6,15,9,33,9,21,3,0,3,0,0,0,12,0,9,9,3,21,6,0,3,0,
11423,6,0,12,0,6,30,6,3,21,0,6,3,6,3,12,0,6,6,0,0,3,3,0,0,0,9,0,3,0,0,6,0,0,6,0,3,3,0,0,3,3,36,0,0,9,12,0,3,3,0,0,9,6,15,9,33,9,21,3,0,3,0,0,0,12,0,9,9,3,21,6,0,3,0,
11443,6,0,12,0,6,30,6,3,21,0,6,3,6,3,12,0,6,6,0,0,3,3,0,0,0,9,0,3,0,0,6,0,0,6,0,3,3,0,0,3,3,36,0,0,9,12,0,3,3,0,0,9,6,15,9,33,9,21,3,0,3,0,0,0,12,0,9,9,3,21,6,0,3,0,
11463,6,0,12,0,6,30,6,3,21,0,6,3,6,3,12,0,6,6,0,0,3,3,0,0,0,9,0,3,0,0,6,0,0,6,0,3,3,0,0,3,3,36,0,0,9,12,0,3,3,0,0,9,6,15,9,33,9,21,3,0,3,0,0,0,12,0,9,9,3,21,6,0,3,0,
11483,6,0,12,0,6,30,6,3,21,0,6,3,6,3,12,0,6,6,0,0,3,3,0,0,0,9,0,3,0,0,6,0,0,6,0,3,3,0,0,3,3,36,0,0,9,12,0,3,3,0,0,9,6,15,9,33,9,21,3,0,3,0,0,0,12,0,9,9,3,21,6,0,3,0,
11503,6,0,12,0,6,30,6,3,21,0,6,3,6,3,12,0,6,6,0,0,3,3,0,0,0,9,0,3,0,0,6,0,0,6,0,3,3,0,0,3,3,36,0,0,9,12,0,3,3,0,0,9,6,15,9,33,9,21,3,0,3,0,0,0,12,0,9,9,3,21,6,0,3,0,
11523,6,0,12,0,6,30,6,3,21,0,6,3,6,3,12,0,6,6,0,0,3,3,0,0,0,9,0,3,0,0,6,0,0,6,0,3,3,0,0,3,3,36,0,0,9,12,0,3,3,0,0,9,6,15,9,33,9,21,3,0,3,0,0,0,12,0,9,9,3,21,6,0,3,0,
11543,6,0,12,0,6,30,6,3,21,0,6,3,6,3,12,0,6,6,0,0,3,3,0,0,0,9,0,3,0,0,6,0,0,6,0,3,3,0,0,3,3,36,0,0,9,12,0,3,3,0,0,9,6,15,9,33,9,21,3,0,3,0,0,0,12,0,9,9,3,21,6,0,3,0,
11563,6,0,12,0,6,30,6,3,21,0,6,3,6,3,12,0,6,6,0,0,3,3,0,0,0,9,0,3,0,0,6,0,0,6,0,3,3,0,0,3,3,36,0,0,9,12,0,3,3,0,0,9,6,15,9,33,9,21,3,0,3,0,0,0,12,0,9,9,3,21,6,0,3,0,
11583,6,0,12,0,6,30,6,3,21,0,6,3,6,3,12,0,6,6,0,0,3,3,0,0,0,9,0,3,0,0,6,0,0,6,0,3,3,0,0,3,3,36,0,0,9,12,0,3,3,0,0,9,6,15,9,33,9,21,3,0,3,0,0,0,12,0,9,9,3,21,6,0,3,0,
11603,6,0,12,0,6,30,6,3,21,0,6,3,6,3,12,0,6,6,0,0,3,3,0,0,0,9,0,3,0,0,6,0,0,6,0,3,3,0,0,3,3,36,0,0,9,12,0,3,3,0,0,9,6,15,9,33,9,21,3,0,3,0,0,0,12,0,9,9,3,21,6,0,3,0,
11623,6,0,12,0,6,30,6,3,21,0,6,3,6,3,12,0,6,6,0,0,3,3,0,0,0,9,0,3,0,0,6,0,0,6,0,3,3,0,0,3,3,36,0,0,9,12,0,3,3,0,0,9,6,15,9,33,9,21,3,0,3,0,0,0,12,0,9,9,3,21,6,0,3,0,
11643,6,0,12,0,6,30,6,3,21,0,6,3,6,3,12,0,6,6,0,0,3,3,0,0,0,9,0,3,0,0,6,0,0,6,0,3,3,0,0,3,3,36,0,0,9,12,0,3,3,0,0,9,6,15,9,33,9,21,3,0,3,0,0,0,12,0,9,9,3,21,6,0,3,0,
11663,6,0,12,0,6,30,6,3,21,0,6,3,6,3,12,0,6,6,0,0,3,3,0,0,0,9,0,3,0,0,6,0,0,6,0,3,3,0,0,3,3,36,0,0,9,12,0,3,3,0,0,9,6,15,9,33,9,21,3,0,3,0,0,0,12,0,9,9,3,21,6,0,3,0,
11683,6,0,12,0,6,30,6,3,21,0,6,3,6,3,12,0,6,6,0,0,3,3,0,0,0,9,0,3,0,0,6,0,0,6,0,3,3,0,0,3,3,36,0,0,9,12,0,3,3,0,0,9,6,15,9,33,9,21,3,0,3,0,0,0,12,0,9,9,3,21,6,0,3,0,
11703,6,0,12,0,6,30,6,3,21,0,6,3,6,3,12,0,6,6,0,0,3,3,0,0,0,9,0,3,0,0,6,0,0,6,0,3,3,0,0,3,3,36,0,0,9,12,0,3,3,0,0,9,6,15,9,33,9,21,3,0,3,0,0,0,12,0,9,9,3,21,6,0,3,0,
11723,6,0,12,0,6,30,6,3,21,0,6,3,6,3,12,0,6,6,0,0,3,3,0,0,0,9,0,3,0,0,6,0,0,6,0,3,3,0,0,3,3,36,0,0,9,12,0,3,3,0,0,9,6,15,9,33,9,21,3,0,3,0,0,0,12,0,9,9,3,21,6,0,3,0,
11743,6,0,12,0,6,30,6,3,21,0,6,3,6,3,12,0,6,6,0,0,3,3,0,0,0,9,0,3,0,0,6,0,0,6,0,3,3,0,0,3,3,36,0,0,9,12,0,3,3,0,0,9,6,15,9,33,9,21,3,0,3,0,0,0,12,0,9,9,3,21,6,0,3,0,
11763,6,0,12,0,6,30,6,3,21,0,6,3,6,3,12,0,6,6,0,0,3,3,0,0,0,9,0,3,0,0,6,0,0,6,0,3,3,0,0,3,3,36,0,0,9,12,0,3,3,0,0,9,6,15,9,33,9,21,3,0,3,0,0,0,12,0,9,9,3,21,6,0,3,0,
11783,6,0,12,0,6,30,6,3,21,0,6,3,6,3,12,0,6,6,0,0,3,3,0,0,0,9,0,3,0,0,6,0,0,6,0,3,3,0,0,3,3,36,0,0,9,12,0,3,3,0,0,9,6,15,9,33,9,21,3,0,3,0,0,0,12,0,9,9,3,21,6,0,3,0,
11803,6,0,12,0,6,30,6,3,21,0,6,3,6,3,12,0,6,6,0,0,3,3,0,0,0,9,0,3,0,0,6,0,0,6,0,3,3,0,0,3,3,36,0,0,9,12,0,3,3,0,0,9,6,15,9,33,9,21,3,0,3,0,0,0,12,0,9,9,3,21,6,0,3,0,
11823,6,0,12,0,6,30,6,3,21,0,6,3,6,3,12,0,6,6,0,0,3,3,0,0,0,9,0,3,0,0,6,0,0,6,0,3,3,0,0,3,3,36,0,0,9,12,0,3,3,0,0,9,6,15,9,33,9,21,3,0,3,0,0,0,12,0,9,9,3,21,6,0,3,0,
11843,6,0,12,0,6,30,6,3,21,0,6,3,6,3,12,0,6,6,0,0,3,3,0,0,0,9,0,3,0,0,6,0,0,6,0,3,3,0,0,3,3,36,0,0,9,12,0,3,3,0,0,9,6,15,9,33,9,21,3,0,3,0,0,0,12,0,9,9,3,21,6,0,3,0,
11863,6,0,12,0,6,30,6,3,21,0,6,3,6,3,12,0,6,6,0,0,3,3,0,0,0,9,0,3,0,0,6,0,0,6,0,3,3,0,0,3,3,36,0,0,9,12,0,3,3,0,0,9,6,15,9,33,9,21,3,0,3,0,0,0,12,0,9,9,3,21,6,0,3,0,
11883,6,0,12,0,6,30,6,3,21,0,6,3,6,3,12,0,6,6,0,0,3,3,0,0,0,9,0,3,0,0,6,0,0,6,0,3,3,0,0,3,3,36,0,0,9,12,0,3,3,0,0,9,6,15,9,33,9,21,3,0,3,0,0,0,12,0,9,9,3,21,6,0,3,0,
11903,6,0,12,0,6,30,6,3,21,0,6,3,6,3,12,0,6,6,0,0,3,3,0,0,0,9,0,3,0,0,6,0,0,6,0,3,3,0,0,3,3,36,0,0,9,12,0,3,3,0,0,9,6,15,9,33,9,21,3,0,3,0,0,0,12,0,9,9,3,21,6,0,3,0,
11923,6,0,12,0,6,30,6,3,21,0,6,3,6,3,12,0,6,6,0,0,3,3,0,0,0,9,0,3,0,0,6,0,0,6,0,3,3,0,0,3,3,36,0,0,9,12,0,3,3,0,0,9,6,15,9,33,9,21,3,0,3,0,0,0,12,0,9,9,3,21,6,0,3,0,
11943,6,0,12,0,6,30,6,3,21,0,6,3,6,3,12,0,6,6,0,0,3,3,0,0,0,9,0,3,0,0,6,0,0,6,0,3,3,0,0,3,3,36,0,0,9,12,0,3,3,0,0,9,6,15,9,33,9,21,3,0,3,0,0,0,12,0,9,9,3,21,6,0,3,0,
11963,6,0,12,0,6,30,6,3,21,0,6,3,6,3,12,0,6,6,0,0,3,3,0,0,0,9,0,3,0,0,6,0,0,6,0,3,3,0,0,3,3,36,0,0,9,12,0,3,3,0,0,9,6,15,9,33,9,21,3,0,3,0,0,0,12,0,9,9,3,21,6,0,3,0,
11983,6,0,12,0,6,30,6,3,21,0,6,3,6,3,12,0,6,6,0,0,3,3,0,0,0,9,0,3,0,0,6,0,0,6,0,3,3,0,0,3,3,36,0,0,9,12,0,3,3,0,0,9,6,15,9,33,9,21,3,0,3,0,0,0,12,0,9,9,3,21,6,0,3,0,
12003,6,0,12,0,6,30,6,3,21,0,6,3,6,3,12,0,6,6,0,0,3,3,0,0,0,9,0,3,0,0,6,0,0,6,0,3,3,0,0,3,3,36,0,0,9,12,0,3,3,0,0,9,6,15,9,33,9,21,3,0,3,0,0,0,12,0,9,9,3,21,6,0,3,0,
12023,6,0,12,0,6,30,6,3,21,0,6,3,6,3,12,0,6,6,0,0,3,3,0,0,0,9,0,3,0,0,6,0,0,6,0,3,3,0,0,3,3,36,0,0,9,12,0,3,3,0,0,9,6,15,9,33,9,21,3,0,3,0,0,0,12,0,9,9,3,21,6,0,3,0,
12043,6,0,12,0,6,30,6,3,21,0,6,3,6,3,12,0,6,6,0,0,3,3,0,0,0,9,0,3,0,0,6,0,0,6,0,3,3,0,0,3,3,36,0,0,9,12,0,3,3,0,0,9,6,15,9,33,9,21,3,0,3,0,0,0,12,0,9,9,3,21,6,0,3,0,
12063,6,0,12,0,6,30,6,3,21,0,6,3,6,3,12,0,6,6,0,0,3,3,0,0,0,9,0,3,0,0,6,0,0,6,0,3,3,0,0,3,3,36,0,0,9,12,0,3,3,0,0,9,6,15,9,33,9,21,3,0,3,0,0,0,12,0,9,9,3,21,6,0,3,0,
12083,6,0,12,0,6,30,6,3,21,0,6,3,6,3,12,0,6,6,0,0,3,3,0,0,0,9,0,3,0,0,6,0,0,6,0,3,3,0,0,3,3,36,0,0,9,12,0,3,3,0,0,9,6,15,9,33,9,21,3,0,3,0,0,0,12,0,9,9,3,21,6,0,3,0,
12103,6,0,12,0,6,30,6,3,21,0,6,3,6,3,12,0,6,6,0,0,3,3,0,0,0,9,0,3,0,0,6,0,0,6,0,3,3,0,0,3,3,36,0,0,9,12,0,3,3,0,0,9,6,15,9,33,9,21,3,0,3,0,0,0,12,0,9,9,3,21,6,0,3,0,
12123,6,0,12,0,6,30,6,3,21,0,6,3,6,3,12,0,6,6,0,0,3,3,0,0,0,9,0,3,0,0,6,0,0,6,0,3,3,0,0,3,3,36,0,0,9,12,0,3,3,0,0,9,6,15,9,33,9,21,3,0,3,0,0,0,12,0,9,9,3,21,6,0,3,0,
12143,6,0,12,0,6,30,6,3,21,0,6,3,6,3,12,0,6,6,0,0,3,3,0,0,0,9,0,3,0,0,6,0,0,6,0,3,3,0,0,3,3,36,0,0,9,12,0,3,3,0,0,9,6,15,9,33,9,21,3,0,3,0,0,0,12,0,9,9,3,21,6,0,3,0,
12163,6,0,12,0,6,30,6,3,21,0,6,3,6,3,12,0,6,6,0,0,3,3,0,0,0,9,0,3,0,0,6,0,0,6,0,3,3,0,0,3,3,36,0,0,9,12,0,3,3,0,0,9,6,15,9,33,9,21,3,0,3,0,0,0,12,0,9,9,3,21,6,0,3,0,
12183,6,0,12,0,6,30,6,3,21,0,6,3,6,3,12,0,6,6,0,0,3,3,0,0,0,9,0,3,0,0,6,0,0,6,0,3,3,0,0,3,3,36,0,0,9,12,0,3,3,0,0,9,6,15,9,33,9,21,3,0,3,0,0,0,12,0,9,9,3,21,6,0,3,0,
12203,6,0,12,0,6,30,6,3,21,0,6,3,6,3,12,0,6,6,0,0,3,3,0,0,0,9,0,3,0,0,6,0,0,6,0,3,3,0,0,3,3,36,0,0,9,12,0,3,3,0,0,9,6,15,9,33,9,21,3,0,3,0,0,0,12,0,9,9,3,21,6,0,3,0,
12223,6,0,12,0,6,30,6,3,21,0,6,3,6,3,12,0,6,6,0,0,3,3,0,0,0,9,0,3,0,0,6,0,0,6,0,3,3,0,0,3,3,36,0,0,9,12,0,3,3,0,0,9,6,15,9,33,9,21,3,0,3,0,0,0,12,0,9,9,3,21,6,0,3,0,
12243,6,0,12,0,6,30,6,3,21,0,6,3,6,3,12,0,6,6,0,0,3,3,0,0,0,9,0,3,0,0,6,0,0,6,0,3,3,0,0,3,3,36,0,0,9,12,0,3,3,0,0,9,6,15,9,33,9,21,3,0,3,0,0,0,12,0,9,9,3,21,6,0,3,0,
12263,6,0,12,0,6,30,6,3,21,0,6,3,6,3,12,0,6,6,0,0,3,3,0,0,0,9,0,3,0,0,6,0,0,6,0,3,3,0,0,3,3,36,0,0,9,12,0,3,3,0,0,9,6,15,9,33,9,21,3,0,3,0,0,0,12,0,9,9,3,21,6,0,3,0,
12283,6,0,12,0,6,30,6,3,21,0,6,3,6,3,12,0,6,6,0,0,3,3,0,0,0,9,0,3,0,0,6,0,0,6,0,3,3,0,0,3,3,36,0,0,9,12,0,3,3,0,0,9,6,15,9,33,9,21,3,0,3,0,0,0,12,0,9,9,3,21,6,0,3,0,
12303,6,0,12,0,6,30,6,3,21,0,6,3,6,3,12,0,6,6,0,0,3,3,0,0,0,9,0,3,0,0,6,0,0,6,0,3,3,0,0,3,3,36,0,0,9,12,0,3,3,0,0,9,6,15,9,33,9,21,3,0,3,0,0,0,12,0,9,9,3,21,6,0,3,0,
12323,6,0,12,0,6,30,6,3,21,0,6,3,6,3,12,0,6,6,0,0,3,3,0,0,0,9,0,3,0,0,6,0,0,6,0,3,3,0,0,3,3,36,0,0,9,12,0,3,3,0,0,9,6,15,9,33,9,21,3,0,3,0,0,0,12,0,9,9,3,21,6,0,3,0,
12343,6,0,12,0,6,30,6,3,21,0,6,3,6,3,12,0,6,6,0,0,3,3,0,0,0,9,0,3,0,0,6,0,0,6,0,3,3,0,0,3,3,36,0,0,9,12,0,3,3,0,0,9,6,15,9,33,9,21,3,0,3,0,0,0,12,0,9,9,3,21,6,0,3,0,
12363,6,0,12,0,6,30,6,3,21,0,6,3,6,3,12,0,6,6,0,0,3,3,0,0,0,9,0,3,0,0,6,0,0,6,0,3,3,0,0,3,3,36,0,0,9,12,0,3,3,0,0,9,6,15,9,33,9,21,3,0,3,0,0,0,12,0,9,9,3,21,6,0,3,0,
12383,6,0,12,0,6,30,6,3,21,0,6,3,6,3,12,0,6,6,0,0,3,3,0,0,0,9,0,3,0,0,6,0,0,6,0,3,3,0,0,3,3,36,0,0,9,12,0,3,3,0,0,9,6,15,9,33,9,21,3,0,3,0,0,0,12,0,9,9,3,21,6,0,3,0,
12403,6,0,12,0,6,30,6,3,21,0,6,3,6,3,12,0,6,6,0,0,3,3,0,0,0,9,0,3,0,0,6,0,0,6,0,3,3,0,0,3,3,36,0,0,9,12,0,3,3,0,0,9,6,15,9,33,9,21,3,0,3,0,0,0,12,0,9,9,3,21,6,0,3,0,
12423,6,0,12,0,6,30,6,3,21,0,6,3,6,3,12,0,6,6,0,0,3,3,0,0,0,9,0,3,0,0,6,0,0,6,0,3,3,0,0,3,3,36,0,0,9,12,0,3,3,0,0,9,6,15,9,33,9,21,3,0,3,0,0,0,12,0,9,9,3,21,6,0,3,0,
12443,6,0,12,0,6,30,6,3,21,0,6,3,6,3,12,0,6,6,0,0,3,3,0,0,0,9,0,3,0,0,6,0,0,6,0,3,3,0,0,3,3,36,0,0,9,12,0,3,3,0,0,9,6,15,9,33,9,21,3,0,3,0,0,0,12,0,9,9,3,21,6,0,3,0,
12463,6,0,12,0,6,30,6,3,21,0,6,3,6,3,12,0,6,6,0,0,3,3,0,0,0,9,0,3,0,0,6,0,0,6,0,3,3,0,0,3,3,36,0,0,9,12,0,3,3,0,0,9,6,15,9,33,9,21,3,0,3,0,0,0,12,0,9,9,3,21,6,0,3,0,
12483,6,0,12,0,6,30,6,3,21,0,6,3,6,3,12,0,6,6,0,0,3,3,0,0,0,9,0,3,0,0,6,0,0,6,0,3,3,0,0,3,3,36,0,0,9,12,0,3,3,0,0,9,6,15,9,33,9,21,3,0,3,0,0,0,12,0,9,9,3,21,6,0,3,0,
12503,6,0,12,0,6,30,6,3,21,0,6,3,6,3,12,0,6,6,0,0,3,3,0,0,0,9,0,3,0,0,6,0,0,6,0,3,3,0,0,3,3,36,0,0,9,12,0,3,3,0,0,9,6,15,9,33,9,21,3,0,3,0,0,0,12,0,9,9,3,21,6,0,3,0,
12523,6,0,12,0,6,30,6,3,21,0,6,3,6,3,12,0,6,6,0,0,3,3,0,0,0,9,0,3,0,0,6,0,0,6,0,3,3,0,0,3,3,36,0,0,9,12,0,3,3,0,0,9,6,15,9,33,9,21,3,0,3,0,0,0,12,0,9,9,3,21,6,0,3,0,
12543,6,0,12,0,6,30,6,3,21,0,6,3,6,3,12,0,6,6,0,0,3,3,0,0,0,9,0,3,0,0,6,0,0,6,0,3,3,0,0,3,3,36,0,0,9,12,0,3,3,0,0,9,6,15,9,33,9,21,3,0,3,0,0,0,12,0,9,9,3,21,6,0,3,0,
12563,6,0,12,0,6,30,6,3,21,0,6,3,6,3,12,0,6,6,0,0,3,3,0,0,0,9,0,3,0,0,6,0,0,6,0,3,3,0,0,3,3,36,0,0,9,12,0,3,3,0,0,9,6,15,9,33,9,21,3,0,3,0,0,0,12,0,9,9,3,21,6,0,3,0,
12583,6,0,12,0,6,30,6,3,21,0,6,3,6,3,12,0,6,6,0,0,3,3,0,0,0,9,0,3,0,0,6,0,0,6,0,3,3,0,0,3,3,36,0,0,9,12,0,3,3,0,0,9,6,15,9,33,9,21,3,0,3,0,0,0,12,0,9,9,3,21,6,0,3,0,
12603,6,0,12,0,6,30,6,3,21,0,6,3,6,3,12,0,6,6,0,0,3,3,0,0,0,9,0,3,0,0,6,0,0,6,0,3,3,0,0,3,3,36,0,0,9,12,0,3,3,0,0,9,6,15,9,33,9,21,3,0,3,0,0,0,12,0,9,9,3,21,6,0,3,0,
12623,6,0,12,0,6,30,6,3,21,0,6,3,6,3,12,0,6,6,0,0,3,3,0,0,0,9,0,3,0,0,6,0,0,6,0,3,3,0,0,3,3,36,0,0,9,12,0,3,3,0,0,9,6,15,9,33,9,21,3,0,3,0,0,0,12,0,9,9,3,21,6,0,3,0,
12643,6,0,12,0,6,30,6,3,21,0,6,3,6,3,12,0,6,6,0,0,3,3,0,0,0,9,0,3,0,0,6,0,0,6,0,3,3,0,0,3,3,36,0,0,9,12,0,3,3,0,0,9,6,15,9,33,9,21,3,0,3,0,0,0,12,0,9,9,3,21,6,0,3,0,
12663,6,0,12,0,6,30,6,3,21,0,6,3,6,3,12,0,6,6,0,0,3,3,0,0,0,9,0,3,0,0,6,0,0,6,0,3,3,0,0,3,3,36,0,0,9,12,0,3,3,0,0,9,6,15,9,33,9,21,3,0,3,0,0,0,12,0,9,9,3,21,6,0,3,0,
12683,6,0,12,0,6,30,6,3,21,0,6,3,6,3,12,0,6,6,0,0,3,3,0,0,0,9,0,3,0,0,6,0,0,6,0,3,3,0,0,3,3,36,0,0,9,12,0,3,3,0,0,9,6,15,9,33,9,21,3,0,3,0,0,0,12,0,9,9,3,21,6,0,3,0,
12703,6,0,12,0,6,30,6,3,21,0,6,3,6,3,12,0,6,6,0,0,3,3,0,0,0,9,0,3,0,0,6,0,0,6,0,3,3,0,0,3,3,36,0,0,9,12,0,3,3,0,0,9,6,15,9,33,9,21,3,0,3,0,0,0,12,0,9,9,3,21,6,0,3,0,
12723,6,0,12,0,6,30,6,3,21,0,6,3,6,3,12,0,6,6,0,0,3,3,0,0,0,9,0,3,0,0,6,0,0,6,0,3,3,0,0,3,3,36,0,0,9,12,0,3,3,0,0,9,6,15,9,33,9,21,3,0,3,0,0,0,12,0,9,9,3,21,6,0,3,0,
12743,6,0,12,0,6,30,6,3,21,0,6,3,6,3,12,0,6,6,0,0,3,3,0,0,0,9,0,3,0,0,6,0,0,6,0,3,3,0,0,3,3,36,0,0,9,12,0,3,3,0,0,9,6,15,9,33,9,21,3,0,3,0,0,0,12,0,9,9,3,21,6,0,3,0,
12763,6,0,12,0,6,30,6,3,21,0,6,3,6,3,12,0,6,6,0,0,3,3,0,0,0,9,0,3,0,0,6,0,0,6,0,3,3,0,0,3,3,36,0,0,9,12,0,3,3,0,0,9,6,15,9,33,9,21,3,0,3,0,0,0,12,0,9,9,3,21,6,0,3,0,
12783,6,0,12,0,6,30,6,3,21,0,6,3,6,3,12,0,6,6,0,0,3,3,0,0,0,9,0,3,0,0,6,0,0,6,0,3,3,0,0,3,3,36,0,0,9,12,0,3,3,0,0,9,6,15,9,33,9,21,3,0,3,0,0,0,12,0,9,9,3,21,6,0,3,0,
12803,6,0,12,0,6,30,6,3,21,0,6,3,6,3,12,0,6,6,0,0,3,3,0,0,0,9,0,3,0,0,6,0,0,6,0,3,3,0,0,3,3,36,0,0,9,12,0,3,3,0,0,9,6,15,9,33,9,21,3,0,3,0,0,0,12,0,9,9,3,21,6,0,3,0,
12823,6,0,12,0,6,30,6,3,21,0,6,3,6,3,12,0,6,6,0,0,3,3,0,0,0,9,0,3,0,0,6,0,0,6,0,3,3,0,0,3,3,36,0,0,9,12,0,3,3,0,0,9,6,15,9,33,9,21,3,0,3,0,0,0,12,0,9,9,3,21,6,0,3,0,
12843,6,0,12,0,6,30,6,3,21,0,6,3,6,3,12,0,6,6,0,0,3,3,0,0,0,9,0,3,0,0,6,0,0,6,0,3,3,0,0,3,3,36,0,0,9,12,0,3,3,0,0,9,6,15,9,33,9,21,3,0,3,0,0,0,12,0,9,9,3,21,6,0,3,0,
12863,6,0,12,0,6,30,6,3,21,0,6,3,6,3,12,0,6,6,0,0,3,3,0,0,0,9,0,3,0,0,6,0,0,6,0,3,3,0,0,3,3,36,0,0,9,12,0,3,3,0,0,9,6,15,9,33,9,21,3,0,3,0,0,0,12,0,9,9,3,21,6,0,3,0,
12883,6,0,12,0,6,30,6,3,21,0,6,3,6,3,12,0,6,6,0,0,3,3,0,0,0,9,0,3,0,0,6,0,0,6,0,3,3,0,0,3,3,36,0,0,9,12,0,3,3,0,0,9,6,15,9,33,9,21,3,0,3,0,0,0,12,0,9,9,3,21,6,0,3,0,
12903,6,0,12,0,6,30,6,3,21,0,6,3,6,3,12,0,6,6,0,0,3,3,0,0,0,9,0,3,0,0,6,0,0,6,0,3,3,0,0,3,3,36,0,0,9,12,0,3,3,0,0,9,6,15,9,33,9,21,3,0,3,0,0,0,12,0,9,9,3,21,6,0,3,0,
12923,6,0,12,0,6,30,6,3,21,0,6,3,6,3,12,0,6,6,0,0,3,3,0,0,0,9,0,3,0,0,6,0,0,6,0,3,3,0,0,3,3,36,0,0,9,12,0,3,3,0,0,9,6,15,9,33,9,21,3,0,3,0,0,0,12,0,9,9,3,21,6,0,3,0,
12943,6,0,12,0,6,30,6,3,21,0,6,3,6,3,12,0,6,6,0,0,3,3,0,0,0,9,0,3,0,0,6,0,0,6,0,3,3,0,0,3,3,36,0,0,9,12,0,3,3,0,0,9,6,15,9,33,9,21,3,0,3,0,0,0,12,0,9,9,3,21,6,0,3,0,
12963,6,0,12,0,6,30,6,3,21,0,6,3,6,3,12,0,6,6,0,0,3,3,0,0,0,9,0,3,0,0,6,0,0,6,0,3,3,0,0,3,3,36,0,0,9,12,0,3,3,0,0,9,6,15,9,33,9,21,3,0,3,0,0,0,12,0,9,9,3,21,6,0,3,0,
12983,6,0,12,0,6,30,6,3,21,0,6,3,6,3,12,0,6,6,0,0,3,3,0,0,0,9,0,3,0,0,6,0,0,6,0,3,3,0,0,3,3,36,0,0,9,12,0,3,3,0,0,9,6,15,9,33,9,21,3,0,3,0,0,0,12,0,9,9,3,21,6,0,3,0,
13003,6,0,12,0,6,30,6,3,21,0,6,3,6,3,12,0,6,6,0,0,3,3,0,0,0,9,0,3,0,0,6,0,0,6,0,3,3,0,0,3,3,36,0,0,9,12,0,3,3,0,0,9,6,15,9,33,9,21,3,0,3,0,0,0,12,0,9,9,3,21,6,0,3,0,
13023,6,0,12,0,6,30,6,3,21,0,6,3,6,3,12,0,6,6,0,0,3,3,0,0,0,9,0,3,0,0,6,0,0,6,0,3,3,0,0,3,3,36,0,0,9,12,0,3,3,0,0,9,6,15,9,33,9,21,3,0,3,0,0,0,12,0,9,9,3,21,6,0,3,0,
13043,6,0,12,0,6,30,6,3,21,0,6,3,6,3,12,0,6,6,0,0,3,3,0,0,0,9,0,3,0,0,6,0,0,6,0,3,3,0,0,3,3,36,0,0,9,12,0,3,3,0,0,9,6,15,9,33,9,21,3,0,3,0,0,0,12,0,9,9,3,21,6,0,3,0,
13063,6,0,12,0,6,30,6,3,21,0,6,3,6,3,12,0,6,6,0,0,3,3,0,0,0,9,0,3,0,0,6,0,0,6,0,3,3,0,0,3,3,36,0,0,9,12,0,3,3,0,0,9,6,15,9,33,9,21,3,0,3,0,0,0,12,0,9,9,3,21,6,0,3,0,
13083,6,0,12,0,6,30,6,3,21,0,6,3,6,3,12,0,6,6,0,0,3,3,0,0,0,9,0,3,0,0,6,0,0,6,0,3,3,0,0,3,3,36,0,0,9,12,0,3,3,0,0,9,6,15,9,33,9,21,3,0,3,0,0,0,12,0,9,9,3,21,6,0,3,0,
13103,6,0,12,0,6,30,6,3,21,0,6,3,6,3,12,0,6,6,0,0,3,3,0,0,0,9,0,3,0,0,6,0,0,6,0,3,3,0,0,3,3,36,0,0,9,12,0,3,3,0,0,9,6,15,9,33,9,21,3,0,3,0,0,0,12,0,9,9,3,21,6,0,3,0,
13123,6,0,12,0,6,30,6,3,21,0,6,3,6,3,12,0,6,6,0,0,3,3,0,0,0,9,0,3,0,0,6,0,0,6,0,3,3,0,0,3,3,36,0,0,9,12,0,3,3,0,0,9,6,15,9,33,9,21,3,0,3,0,0,0,12,0,9,9,3,21,6,0,3,0,
13143,6,0,12,0,6,30,6,3,21,0,6,3,6,3,12,0,6,6,0,0,3,3,0,0,0,9,0,3,0,0,6,0,0,6,0,3,3,0,0,3,3,36,0,0,9,12,0,3,3,0,0,9,6,15,9,33,9,21,3,0,3,0,0,0,12,0,9,9,3,21,6,0,3,0,
13163,6,0,12,0,6,30,6,3,21,0,6,3,6,3,12,0,6,6,0,0,3,3,0,0,0,9,0,3,0,0,6,0,0,6,0,3,3,0,0,3,3,36,0,0,9,12,0,3,3,0,0,9,6,15,9,33,9,21,3,0,3,0,0,0,12,0,9,9,3,21,6,0,3,0,
13183,6,0,12,0,6,30,6,3,21,0,6,3,6,3,12,0,6,6,0,0,3,3,0,0,0,9,0,3,0,0,6,0,0,6,0,3,3,0,0,3,3,36,0,0,9,12,0,3,3,0,0,9,6,15,9,33,9,21,3,0,3,0,0,0,12,0,9,9,3,21,6,0,3,0,
13203,6,0,12,0,6,30,6,3,21,0,6,3,6,3,12,0,6,6,0,0,3,3,0,0,0,9,0,3,0,0,6,0,0,6,0,3,3,0,0,3,3,36,0,0,9,12,0,3,3,0,0,9,6,15,9,33,9,21,3,0,3,0,0,0,12,0,9,9,3,21,6,0,3,0,
13223,6,0,12,0,6,30,6,3,21,0,6,3,6,3,12,0,6,6,0,0,3,3,0,0,0,9,0,3,0,0,6,0,0,6,0,3,3,0,0,3,3,36,0,0,9,12,0,3,3,0,0,9,6,15,9,33,9,21,3,0,3,0,0,0,12,0,9,9,3,21,6,0,3,0,
13243,6,0,12,0,6,30,6,3,21,0,6,3,6,3,12,0,6,6,0,0,3,3,0,0,0,9,0,3,0,0,6,0,0,6,0,3,3,0,0,3,3,36,0,0,9,12,0,3,3,0,0,9,6,15,9,33,9,21,3,0,3,0,0,0,12,0,9,9,3,21,6,0,3,0,
13263,6,0,12,0,6,30,6,3,21,0,6,3,6,3,12,0,6,6,0,0,3,3,0,0,0,9,0,3,0,0,6,0,0,6,0,3,3,0,0,3,3,36,0,0,9,12,0,3,3,0,0,9,6,15,9,33,9,21,3,0,3,0,0,0,12,0,9,9,3,21,6,0,3,0,
13283,6,0,12,0,6,30,6,3,21,0,6,3,6,3,12,0,6,6,0,0,3,3,0,0,0,9,0,3,0,0,6,0,0,6,0,3,3,0,0,3,3,36,0,0,9,12,0,3,3,0,0,9,6,15,9,33,9,21,3,0,3,0,0,0,12,0,9,9,3,21,6,0,3,0,
13303,6,0,12,0,6,30,6,3,21,0,6,3,6,3,12,0,6,6,0,0,3,3,0,0,0,9,0,3,0,0,6,0,0,6,0,3,3,0,0,3,3,36,0,0,9,12,0,3,3,0,0,9,6,15,9,33,9,21,3,0,3,0,0,0,12,0,9,9,3,21,6,0,3,0,
13323,6,0,12,0,6,30,6,3,21,0,6,3,6,3,12,0,6,6,0,0,3,3,0,0,0,9,0,3,0,0,6,0,0,6,0,3,3,0,0,3,3,36,0,0,9,12,0,3,3,0,0,9,6,15,9,33,9,21,3,0,3,0,0,0,12,0,9,9,3,21,6,0,3,0,
13343,6,0,12,0,6,30,6,3,21,0,6,3,6,3,12,0,6,6,0,0,3,3,0,0,0,9,0,3,0,0,6,0,0,6,0,3,3,0,0,3,3,36,0,0,9,12,0,3,3,0,0,9,6,15,9,33,9,21,3,0,3,0,0,0,12,0,9,9,3,21,6,0,3,0,
13363,6,0,12,0,6,30,6,3,21,0,6,3,6,3,12,0,6,6,0,0,3,3,0,0,0,9,0,3,0,0,6,0,0,6,0,3,3,0,0,3,3,36,0,0,9,12,0,3,3,0,0,9,6,15,9,33,9,21,3,0,3,0,0,0,12,0,9,9,3,21,6,0,3,0,
13383,6,0,12,0,6,30,6,3,21,0,6,3,6,3,12,0,6,6,0,0,3,3,0,0,0,9,0,3,0,0,6,0,0,6,0,3,3,0,0,3,3,36,0,0,9,12,0,3,3,0,0,9,6,15,9,33,9,21,3,0,3,0,0,0,12,0,9,9,3,21,6,0,3,0,
13403,6,0,12,0,6,30,6,3,21,0,6,3,6,3,12,0,6,6,0,0,3,3,0,0,0,9,0,3,0,0,6,0,0,6,0,3,3,0,0,3,3,36,0,0,9,12,0,3,3,0,0,9,6,15,9,33,9,21,3,0,3,0,0,0,12,0,9,9,3,21,6,0,3,0,
13423,6,0,12,0,6,30,6,3,21,0,6,3,6,3,12,0,6,6,0,0,3,3,0,0,0,9,0,3,0,0,6,0,0,6,0,3,3,0,0,3,3,36,0,0,9,12,0,3,3,0,0,9,6,15,9,33,9,21,3,0,3,0,0,0,12,0,9,9,3,21,6,0,3,0,
13443,6,0,12,0,6,30,6,3,21,0,6,3,6,3,12,0,6,6,0,0,3,3,0,0,0,9,0,3,0,0,6,0,0,6,0,3,3,0,0,3,3,36,0,0,9,12,0,3,3,0,0,9,6,15,9,33,9,21,3,0,3,0,0,0,12,0,9,9,3,21,6,0,3,0,
13463,6,0,12,0,6,30,6,3,21,0,6,3,6,3,12,0,6,6,0,0,3,3,0,0,0,9,0,3,0,0,6,0,0,6,0,3,3,0,0,3,3,36,0,0,9,12,0,3,3,0,0,9,6,15,9,33,9,21,3,0,3,0,0,0,12,0,9,9,3,21,6,0,3,0,
13483,6,0,12,0,6,30,6,3,21,0,6,3,6,3,12,0,6,6,0,0,3,3,0,0,0,9,0,3,0,0,6,0,0,6,0,3,3,0,0,3,3,36,0,0,9,12,0,3,3,0,0,9,6,15,9,33,9,21,3,0,3,0,0,0,12,0,9,9,3,21,6,0,3,0,
13503,6,0,12,0,6,30,6,3,21,0,6,3,6,3,12,0,6,6,0,0,3,3,0,0,0,9,0,3,0,0,6,0,0,6,0,3,3,0,0,3,3,36,0,0,9,12,0,3,3,0,0,9,6,15,9,33,9,21,3,0,3,0,0,0,12,0,9,9,3,21,6,0,3,0,
13523,6,0,12,0,6,30,6,3,21,0,6,3,6,3,12,0,6,6,0,0,3,3,0,0,0,9,0,3,0,0,6,0,0,6,0,3,3,0,0,3,3,36,0,0,9,12,0,3,3,0,0,9,6,15,9,33,9,21,3,0,3,0,0,0,12,0,9,9,3,21,6,0,3,0,
13543,6,0,12,0,6,30,6,3,21,0,6,3,6,3,12,0,6,6,0,0,3,3,0,0,0,9,0,3,0,0,6,0,0,6,0,3,3,0,0,3,3,36,0,0,9,12,0,3,3,0,0,9,6,15,9,33,9,21,3,0,3,0,0,0,12,0,9,9,3,21,6,0,3,0,
13563,6,0,12,0,6,30,6,3,21,0,6,3,6,3,12,0,6,6,0,0,3,3,0,0,0,9,0,3,0,0,6,0,0,6,0,3,3,0,0,3,3,36,0,0,9,12,0,3,3,0,0,9,6,15,9,33,9,21,3,0,3,0,0,0,12,0,9,9,3,21,6,0,3,0,
13583,6,0,12,0,6,30,6,3,21,0,6,3,6,3,12,0,6,6,0,0,3,3,0,0,0,9,0,3,0,0,6,0,0,6,0,3,3,0,0,3,3,36,0,0,9,12,0,3,3,0,0,9,6,15,9,33,9,21,3,0,3,0,0,0,12,0,9,9,3,21,6,0,3,0,
13603,6,0,12,0,6,30,6,3,21,0,6,3,6,3,12,0,6,6,0,0,3,3,0,0,0,9,0,3,0,0,6,0,0,6,0,3,3,0,0,3,3,36,0,0,9,12,0,3,3,0,0,9,6,15,9,33,9,21,3,0,3,0,0,0,12,0,9,9,3,21,6,0,3,0,
13623,6,0,12,0,6,30,6,3,21,0,6,3,6,3,12,0,6,6,0,0,3,3,0,0,0,9,0,3,0,0,6,0,0,6,0,3,3,0,0,3,3,36,0,0,9,12,0,3,3,0,0,9,6,15,9,33,9,21,3,0,3,0,0,0,12,0,9,9,3,21,6,0,3,0,
13643,6,0,12,0,6,30,6,3,21,0,6,3,6,3,12,0,6,6,0,0,3,3,0,0,0,9,0,3,0,0,6,0,0,6,0,3,3,0,0,3,3,36,0,0,9,12,0,3,3,0,0,9,6,15,9,33,9,21,3,0,3,0,0,0,12,0,9,9,3,21,6,0,3,0,
13663,6,0,12,0,6,30,6,3,21,0,6,3,6,3,12,0,6,6,0,0,3,3,0,0,0,9,0,3,0,0,6,0,0,6,0,3,3,0,0,3,3,36,0,0,9,12,0,3,3,0,0,9,6,15,9,33,9,21,3,0,3,0,0,0,12,0,9,9,3,21,6,0,3,0,
13683,6,0,12,0,6,30,6,3,21,0,6,3,6,3,12,0,6,6,0,0,3,3,0,0,0,9,0,3,0,0,6,0,0,6,0,3,3,0,0,3,3,36,0,0,9,12,0,3,3,0,0,9,6,15,9,33,9,21,3,0,3,0,0,0,12,0,9,9,3,21,6,0,3,0,
13703,6,0,12,0,6,30,6,3,21,0,6,3,6,3,12,0,6,6,0,0,3,3,0,0,0,9,0,3,0,0,6,0,0,6,0,3,3,0,0,3,3,36,0,0,9,12,0,3,3,0,0,9,6,15,9,33,9,21,3,0,3,0,0,0,12,0,9,9,3,21,6,0,3,0,
13723,6,0,12,0,6,30,6,3,21,0,6,3,6,3,12,0,6,6,0,0,3,3,0,0,0,9,0,3,0,0,6,0,0,6,0,3,3,0,0,3,3,36,0,0,9,12,0,3,3,0,0,9,6,15,9,33,9,21,3,0,3,0,0,0,12,0,9,9,3,21,6,0,3,0,
13743,6,0,12,0,6,30,6,3,21,0,6,3,6,3,12,0,6,6,0,0,3,3,0,0,0,9,0,3,0,0,6,0,0,6,0,3,3,0,0,3,3,36,0,0,9,12,0,3,3,0,0,9,6,15,9,33,9,21,3,0,3,0,0,0,12,0,9,9,3,21,6,0,3,0,
13763,6,0,12,0,6,30,6,3,21,0,6,3,6,3,12,0,6,6,0,0,3,3,0,0,0,9,0,3,0,0,6,0,0,6,0,3,3,0,0,3,3,36,0,0,9,12,0,3,3,0,0,9,6,15,9,33,9,21,3,0,3,0,0,0,12,0,9,9,3,21,6,0,3,0,
13783,6,0,12,0,6,30,6,3,21,0,6,3,6,3,12,0,6,6,0,0,3,3,0,0,0,9,0,3,0,0,6,0,0,6,0,3,3,0,0,3,3,36,0,0,9,12,0,3,3,0,0,9,6,15,9,33,9,21,3,0,3,0,0,0,12,0,9,9,3,21,6,0,3,0,
13803,6,0,12,0,6,30,6,3,21,0,6,3,6,3,12,0,6,6,0,0,3,3,0,0,0,9,0,3,0,0,6,0,0,6,0,3,3,0,0,3,3,36,0,0,9,12,0,3,3,0,0,9,6,15,9,33,9,21,3,0,3,0,0,0,12,0,9,9,3,21,6,0,3,0,
13823,6,0,12,0,6,30,6,3,21,0,6,3,6,3,12,0,6,6,0,0,3,3,0,0,0,9,0,3,0,0,6,0,0,6,0,3,3,0,0,3,3,36,0,0,9,12,0,3,3,0,0,9,6,15,9,33,9,21,3,0,3,0,0,0,12,0,9,9,3,21,6,0,3,0,
13843,6,0,12,0,6,30,6,3,21,0,6,3,6,3,12,0,6,6,0,0,3,3,0,0,0,9,0,3,0,0,6,0,0,6,0,3,3,0,0,3,3,36,0,0,9,12,0,3,3,0,0,9,6,15,9,33,9,21,3,0,3,0,0,0,12,0,9,9,3,21,6,0,3,0,
13863,6,0,12,0,6,30,6,3,21,0,6,3,6,3,12,0,6,6,0,0,3,3,0,0,0,9,0,3,0,0,6,0,0,6,0,3,3,0,0,3,3,36,0,0,9,12,0,3,3,0,0,9,6,15,9,33,9,21,3,0,3,0,0,0,12,0,9,9,3,21,6,0,3,0,
13883,6,0,12,0,6,30,6,3,21,0,6,3,6,3,12,0,6,6,0,0,3,3,0,0,0,9,0,3,0,0,6,0,0,6,0,3,3,0,0,3,3,36,0,0,9,12,0,3,3,0,0,9,6,15,9,33,9,21,3,0,3,0,0,0,12,0,9,9,3,21,6,0,3,0,
13903,6,0,12,0,6,30,6,3,21,0,6,3,6,3,12,0,6,6,0,0,3,3,0,0,0,9,0,3,0,0,6,0,0,6,0,3,3,0,0,3,3,36,0,0,9,12,0,3,3,0,0,9,6,15,9,33,9,21,3,0,3,0,0,0,12,0,9,9,3,21,6,0,3,0,
13923,6,0,12,0,6,30,6,3,21,0,6,3,6,3,12,0,6,6,0,0,3,3,0,0,0,9,0,3,0,0,6,0,0,6,0,3,3,0,0,3,3,36,0,0,9,12,0,3,3,0,0,9,6,15,9,33,9,21,3,0,3,0,0,0,12,0,9,9,3,21,6,0,3,0,
13943,6,0,12,0,6,30,6,3,21,0,6,3,6,3,12,0,6,6,0,0,3,3,0,0,0,9,0,3,0,0,6,0,0,6,0,3,3,0,0,3,3,36,0,0,9,12,0,3,3,0,0,9,6,15,9,33,9,21,3,0,3,0,0,0,12,0,9,9,3,21,6,0,3,0,
13963,6,0,12,0,6,30,6,3,21,0,6,3,6,3,12,0,6,6,0,0,3,3,0,0,0,9,0,3,0,0,6,0,0,6,0,3,3,0,0,3,3,36,0,0,9,12,0,3,3,0,0,9,6,15,9,33,9,21,3,0,3,0,0,0,12,0,9,9,3,21,6,0,3,0,
13983,6,0,12,0,6,30,6,3,21,0,6,3,6,3,12,0,6,6,0,0,3,3,0,0,0,9,0,3,0,0,6,0,0,6,0,3,3,0,0,3,3,36,0,0,9,12,0,3,3,0,0,9,6,15,9,33,9,21,3,0,3,0,0,0,12,0,9,9,3,21,6,0,3,0,
14003,6,0,12,0,6,30,6,3,21,0,6,3,6,3,12,0,6,6,0,0,3,3,0,0,0,9,0,3,0,0,6,0,0,6,0,3,3,0,0,3,3,36,0,0,9,12,0,3,3,0,0,9,6,15,9,33,9,21,3,0,3,0,0,0,12,0,9,9,3,21,6,0,3,0,
14023,6,0,12,0,6,30,6,3,21,0,6,3,6,3,12,0,6,6,0,0,3,3,0,0,0,9,0,3,0,0,6,0,0,6,0,3,3,0,0,3,3,36,0,0,9,12,0,3,3,0,0,9,6,15,9,33,9,21,3,0,3,0,0,0,12,0,9,9,3,21,6,0,3,0,
14043,6,0,12,0,6,30,6,3,21,0,6,3,6,3,12,0,6,6,0,0,3,3,0,0,0,9,0,3,0,0,6,0,0,6,0,3,3,0,0,3,3,36,0,0,9,12,0,3,3,0,0,9,6,15,9,33,9,21,3,0,3,0,0,0,12,0,9,9,3,21,6,0,3,0,
14063,6,0,12,0,6,30,6,3,21,0,6,3,6,3,12,0,6,6,0,0,3,3,0,0,0,9,0,3,0,0,6,0,0,6,0,3,3,0,0,3,3,36,0,0,9,12,0,3,3,0,0,9,6,15,9,33,9,21,3,0,3,0,0,0,12,0,9,9,3,21,6,0,3,0,
14083,6,0,12,0,6,30,6,3,21,0,6,3,6,3,12,0,6,6,0,0,3,3,0,0,0,9,0,3,0,0,6,0,0,6,0,3,3,0,0,3,3,36,0,0,9,12,0,3,3,0,0,9,6,15,9,33,9,21,3,0,3,0,0,0,12,0,9,9,3,21,6,0,3,0,
14103,6,0,12,0,6,30,6,3,21,0,6,3,6,3,12,0,6,6,0,0,3,3,0,0,0,9,0,3,0,0,6,0,0,6,0,3,3,0,0,3,3,36,0,0,9,12,0,3,3,0,0,9,6,15,9,33,9,21,3,0,3,0,0,0,12,0,9,9,3,21,6,0,3,0,
14123,6,0,12,0,6,30,6,3,21,0,6,3,6,3,12,0,6,6,0,0,3,3,0,0,0,9,0,3,0,0,6,0,0,6,0,3,3,0,0,3,3,36,0,0,9,12,0,3,3,0,0,9,6,15,9,33,9,21,3,0,3,0,0,0,12,0,9,9,3,21,6,0,3,0,
14143,6,0,12,0,6,30,6,3,21,0,6,3,6,3,12,0,6,6,0,0,3,3,0,0,0,9,0,3,0,0,6,0,0,6,0,3,3,0,0,3,3,36,0,0,9,12,0,3,3,0,0,9,6,15,9,33,9,21,3,0,3,0,0,0,12,0,9,9,3,21,6,0,3,0,
14163,6,0,12,0,6,30,6,3,21,0,6,3,6,3,12,0,6,6,0,0,3,3,0,0,0,9,0,3,0,0,6,0,0,6,0,3,3,0,0,3,3,36,0,0,9,12,0,3,3,0,0,9,6,15,9,33,9,21,3,0,3,0,0,0,12,0,9,9,3,21,6,0,3,0,
14183,6,0,12,0,6,30,6,3,21,0,6,3,6,3,12,0,6,6,0,0,3,3,0,0,0,9,0,3,0,0,6,0,0,6,0,3,3,0,0,3,3,36,0,0,9,12,0,3,3,0,0,9,6,15,9,33,9,21,3,0,3,0,0,0,12,0,9,9,3,21,6,0,3,0,
14203,6,0,12,0,6,30,6,3,21,0,6,3,6,3,12,0,6,6,0,0,3,3,0,0,0,9,0,3,0,0,6,0,0,6,0,3,3,0,0,3,3,36,0,0,9,12,0,3,3,0,0,9,6,15,9,33,9,21,3,0,3,0,0,0,12,0,9,9,3,21,6,0,3,0,
14223,6,0,12,0,6,30,6,3,21,0,6,3,6,3,12,0,6,6,0,0,3,3,0,0,0,9,0,3,0,0,6,0,0,6,0,3,3,0,0,3,3,36,0,0,9,12,0,3,3,0,0,9,6,15,9,33,9,21,3,0,3,0,0,0,12,0,9,9,3,21,6,0,3,0,
14243,6,0,12,0,6,30,6,3,21,0,6,3,6,3,12,0,6,6,0,0,3,3,0,0,0,9,0,3,0,0,6,0,0,6,0,3,3,0,0,3,3,36,0,0,9,12,0,3,3,0,0,9,6,15,9,33,9,21,3,0,3,0,0,0,12,0,9,9,3,21,6,0,3,0,
14263,6,0,12,0,6,30,6,3,21,0,6,3,6,3,12,0,6,6,0,0,3,3,0,0,0,9,0,3,0,0,6,0,0,6,0,3,3,0,0,3,3,36,0,0,9,12,0,3,3,0,0,9,6,15,9,33,9,21,3,0,3,0,0,0,12,0,9,9,3,21,6,0,3,0,
14283,6,0,12,0,6,30,6,3,21,0,6,3,6,3,12,0,6,6,0,0,3,3,0,0,0,9,0,3,0,0,6,0,0,6,0,3,3,0,0,3,3,36,0,0,9,12,0,3,3,0,0,9,6,15,9,33,9,21,3,0,3,0,0,0,12,0,9,9,3,21,6,0,3,0,
14303,6,0,12,0,6,30,6,3,21,0,6,3,6,3,12,0,6,6,0,0,3,3,0,0,0,9,0,3,0,0,6,0,0,6,0,3,3,0,0,3,3,36,0,0,9,12,0,3,3,0,0,9,6,15,9,33,9,21,3,0,3,0,0,0,12,0,9,9,3,21,6,0,3,0,
14323,6,0,12,0,6,30,6,3,21,0,6,3,6,3,12,0,6,6,0,0,3,3,0,0,0,9,0,3,0,0,6,0,0,6,0,3,3,0,0,3,3,36,0,0,9,12,0,3,3,0,0,9,6,15,9,33,9,21,3,0,3,0,0,0,12,0,9,9,3,21,6,0,3,0,
14343,6,0,12,0,6,30,6,3,21,0,6,3,6,3,12,0,6,6,0,0,3,3,0,0,0,9,0,3,0,0,6,0,0,6,0,3,3,0,0,3,3,36,0,0,9,12,0,3,3,0,0,9,6,15,9,33,9,21,3,0,3,0,0,0,12,0,9,9,3,21,6,0,3,0,
14363,6,0,12,0,6,30,6,3,21,0,6,3,6,3,12,0,6,6,0,0,3,3,0,0,0,9,0,3,0,0,6,0,0,6,0,3,3,0,0,3,3,36,0,0,9,12,0,3,3,0,0,9,6,15,9,33,9,21,3,0,3,0,0,0,12,0,9,9,3,21,6,0,3,0,
14383,6,0,12,0,6,30,6,3,21,0,6,3,6,3,12,0,6,6,0,0,3,3,0,0,0,9,0,3,0,0,6,0,0,6,0,3,3,0,0,3,3,36,0,0,9,12,0,3,3,0,0,9,6,15,9,33,9,21,3,0,3,0,0,0,12,0,9,9,3,21,6,0,3,0,

